kaynak,uygulama,tarih,yildiz,baslik,yorum,begeni,surum
play,com.hayteknoloji.hayrat.mkuran,2026-09-21,2,,Uygulamayı çok beğendim ama 1 eksiği var meali büyütebiliyorsun fakat kur'an-ı Kerim yazılarını büyütme özelliği yok silmek zorunda kaldım,0,7.2.2
play,com.hayteknoloji.hayrat.mkuran,2026-09-13,1,,"Daha önce bu uygulama ile ilgili şikayetlerimi ilgililere yazmıştım, Hâlâ hic bir düzeltme yapılmadı. Lütfen eski uygulamaya tekrar dönermisiniz. En azından ekran bari kararmıyordu. Birde kurani okurken ekranı çevirince kendiliğinden yatay hale dönerse ( ben otamatik döndürmeyi açmadan) 10 numara 5 yıldız olur.Duzeltmeleri yapmanızı sabırsızlıkla bekliyorum.",0,7.2.2
play,com.hayteknoloji.hayrat.mkuran,2026-08-26,1,,uygulamada hata veriyor acil düzeltin kuranikerim okuduğum zaman kaldığı yerden devam ediyor sorunu giderin arıza veriyor,0,7.2.2
play,com.hayteknoloji.hayrat.mkuran,2026-07-26,1,,"eski sürüm daha iyiydi,sayfalar numarandırılnamış. nerede olduğumuz ancak hizblerle anlaşılıyor.hatim okumalar karışıyor türk hocalardan daha çok seçenek olmalı",1,7.2.2
play,com.hayteknoloji.hayrat.mkuran,2026-07-21,1,,son güncelleme ile ekran kısa sürede kapanıyor. Ekranın kısa sürede kapanmasından kuranı okumakta zorlanıyorum. eski güncelleme daha iyi idi bir bakın ama kısa sürede düzeltin lütfen,2,7.2.2
play,com.hayteknoloji.hayrat.mkuran,2026-07-07,3,,Son güncellemede sıkıntı var. Okırken devamlı ekran kapanıyor,2,7.2.2
play,com.hayteknoloji.hayrat.mkuran,2026-07-06,2,,Okuma geçmişi kısmı eskiden çok iyiydi.Peşpeşe 3 sure okuduğumda ertesi gün okuma geçmişine girdiğimde 3 sureyi de görebiliyordum ama artık sadece en son hangisiyse onu görüyorum. Lütfen eskisi gibi olsun,0,
play,com.hayteknoloji.hayrat.mkuran,2026-06-30,3,,Son güncelleme sıkıntılı. Tam ekran deneyimlemek istedim sayfalar birbirine girdi. Kapattım eski haline getirmek istedim ama düzelmedi. Mi 12t,3,7.2.2
play,com.hayteknoloji.hayrat.mkuran,2026-06-14,3,,"15 sene önce ıpad de bir kuran programı vardı şekil olarak evdeki fiziki Kuran ile aynısı maalesef şimdi o program yok.bunda sadece ilk fatiha süresi ve bakara süresi ilk sayfa aynısı gerisi düz zemin.ayrıca üstte sağda kuran bulunan ip görseli var, kaldığınız sayfaya gitmek için ipi aşağı çekiyordn burada da ayraç ile yapılıyor.SIKINTI olarak kuran sayfası tam sığmadığı ve çerçeve olmadığı için yaklaşık 2 satır altta kalıyor kaydırmak gerekiyor. sayfalara çerçeve yapılırsa sorun çözülür",2,7.1.8
play,com.hayteknoloji.hayrat.mkuran,2026-05-24,1,,bana göre değil,0,7.1.8
play,com.hayteknoloji.hayrat.mkuran,2026-05-18,1,,Huawei cihazlar için de uygulama yaparmısınız. Huawei P60 Pro cihazımda uygulama açılmıyor,3,7.1.8
play,com.hayteknoloji.hayrat.mkuran,2026-05-12,2,,ok takibi yok Hoca seçeneği az o yüzden kaldırdım,0,
play,com.hayteknoloji.hayrat.mkuran,2026-05-09,2,,Kabe imamı şureym de olsaydi okuyanlar icinde iyi olurdu,0,7.1.8
play,com.hayteknoloji.hayrat.mkuran,2026-04-11,1,,bu uygulama sık kesiliyor,0,
play,com.hayteknoloji.hayrat.mkuran,2026-04-09,3,,Allah razı olsun çok güzel bir program hazırlamış siniz Lakin güncellemeden önce İP aktif idi geçmişi sil yaptıktan sonra en sonki sayfada nerede kaldıysak devam edebiliyordum şimdi ise İP e tıkladığım zaman kur'an-ı Kerim'in başına Fatiha suresinde geliyor,0,
play,com.hayteknoloji.hayrat.mkuran,2026-03-25,1,,Allah aşkına şu uygulamayı Guncellemeden önceki haline getirin mahvettiniz ya.kendi kendine takiliyor duruyor kapaniyor.Guncellemeden sonra uygulama berbat oldu.surekli kapaniyor dinlerken kendi kedine ses kesiliyor guncellemeden önce gayet iyiydi,1,7.1.6
play,com.hayteknoloji.hayrat.mkuran,2026-03-24,2,,"S.a Son güncellemeden sonra bir kaç sorunlar yaşanmaktadır. uygulamanın ""okuma geçmişi"" kısmında bilgiler yani geçmişte okunan süreler listesi sayfa vs bilgiler görülmemektedir. sadece en son hangi sayfayı okunmuş onu göstermektedir. bir önceki sürümde ise 50 ve üstü sayfaların geçmiş listesini göstermekteydi. Bu sorunun çözümü için desteklerinizi rica eder iyi günler dilerim.",0,7.1.6
play,com.hayteknoloji.hayrat.mkuran,2026-03-22,2,,Maher Al-Muaiqly. hafiz olaymis cok guzel olmakmış onun uygulamalarini yukledim harika ses tavsiyeederim,0,7.1.6
play,com.hayteknoloji.hayrat.mkuran,2026-03-15,1,,tamamen çok zayıf rezil etmişsiniz böyle bir uygulama yok bir yerde rezil bir uygulama tabletten hiç açmıyor bir bakıyorsun açıldı daha sonra bidaha açılıyor önce çok güzel di herhalde okumayalim diye yapmışsınız bu güncellemeyi,0,7.1.6
play,com.hayteknoloji.hayrat.mkuran,2026-03-14,1,,Önceden çok güzeldi. Yeni güncellemeden sonra hersey çok kötü. Yetkililerden düzeltme rica ediyorum,0,7.1.6
play,com.hayteknoloji.hayrat.mkuran,2026-03-14,3,,"Sa. Sayfa numarasinin yeni yeri uygun degil. Okurken hizli bakisda yerini bulmak zor oluyor. Eski yeri, sag alt kosede olmasi daha uygundu.",0,7.1.6
play,com.hayteknoloji.hayrat.mkuran,2026-03-10,1,,Arkadaş ne yaptınız canım programa bir açılıyor bir açılmıyor güncellemeseydiniz daha iyiydi,1,7.1.5
play,com.hayteknoloji.hayrat.mkuran,2026-03-09,3,,"iPhone da üst kısmı Kabe kuşaklı çıkıyor menü çok güzel, androidde farklı neden böyle bi ayrım yaptınız. Ben de Kabe kuşaklı menü istiyorum.",0,
play,com.hayteknoloji.hayrat.mkuran,2026-03-07,2,,Yeni güncellemede ayraçı kullanamıyorum eski sürümü çok pratik ve güzeldi,1,7.1.4
play,com.hayteknoloji.hayrat.mkuran,2026-03-05,2,,"Güncelleme sonrası ayracın yerini değiştirmek istediğimde sürekli yeni bir ayraç adı girilmesi gerekiyor ve önceki ayrac yeride olduğu gibi kalıyor, ayraç sekmesinde ciddi bir karışıklık oluyor, o yüzden kullanışsız olmuş.",1,7.1.4
play,com.hayteknoloji.hayrat.mkuran,2026-03-05,1,,uygula Güzel ama son güncellemeyle akış bazen tersten olmaya başlamış,0,7.1.4
play,com.hayteknoloji.hayrat.mkuran,2026-03-03,2,,Öncelikle pogramda emeği geçen herkesten Allah razı olsun.. Yalnız son güncellemeden sonra programda donmalar oluyor.. aşağı kayacağına yukarı kayıyor.. yan çevirince ekran 1/4 e düşüyor.. bence bu güncelleme ya geri alınmalı yada hemen yeni bir yama ile düzeltilmeli.. ramazanda böyle bir riske girmek çok büyük bir hataydı..,2,7.1.3
play,com.hayteknoloji.hayrat.mkuran,2026-03-03,1,,son güncelleme de tam ekranı kapatma modu çalışmıyor. sürekli tam ekranda kalıyor,0,7.1.4
play,com.hayteknoloji.hayrat.mkuran,2026-03-03,3,,"Mübarek ayda ,Mukabeleyi Hayrat Kurandan takip ediyorum. Zaman zaman sayfayı takip ederken sayfada donma oluyor..Kapatıp yeniden açmak zorunda kalıyorum ve kaldığım yerden yeniden başlıyorum. Düzeltirseniz memnun olurum..Allah Razı Olsun.",1,7.1.4
play,com.hayteknoloji.hayrat.mkuran,2026-03-03,1,,uzun yıllardır kullanıyormuş son güncelleme mahvetti uygulamayı mukabele takip ederken donuyor hata veriyor ve bu devamlı oluyor eski haline döndürür Allah rızası için,1,7.1.3
play,com.hayteknoloji.hayrat.mkuran,2026-02-28,2,,"Telefonda sorun yok ama tablette maalesef olmuyor çıkış yapılamıyor eski sistem ip güzeldi şimdi eliniz hata, en değdiği yer açılıyor",0,7.1.3
play,com.hayteknoloji.hayrat.mkuran,2026-02-28,1,,çok kötü ve kullanışsız,0,
play,com.hayteknoloji.hayrat.mkuran,2026-02-27,1,,Bünyamin Topçuoglu nun maide suresinde 115.sayfada ses yok. lütfen düzeltin,1,7.1.3
play,com.hayteknoloji.hayrat.mkuran,2026-02-15,3,,keşke Mehmet Emin ay seside olsaydı iyi olurdu. çok güzel tane tane okuyor,0,6.2.4
play,com.hayteknoloji.hayrat.mkuran,2026-01-12,1,,uygulamayı indirdim ama açılmıyor kuran sayfalarını indir butonu çıkıyor basıyorum wi-fi ye bağlı olduğu halde internetinizi kontrol edin diyor,0,6.2.4
play,com.hayteknoloji.hayrat.mkuran,2026-01-05,1,,programın çalışması için gerekli olan 140 MB dosya indirilemiyor.,0,6.2.4
play,com.hayteknoloji.hayrat.mkuran,2026-01-04,1,,uygulama iniyor ancak Kur'an-ı Kerim inmiyor yardımcı olur musunuz,0,6.2.4
play,com.hayteknoloji.hayrat.mkuran,2026-01-04,2,,3 - 4 Ocak 2026 2 gündür bi kaç farklı cihazda indirmeye çalışmama rağmen uygulmayı indirdikten sonra Kur'an sayfaları yüklenmiyor yardımcı olur musunuz,4,6.2.5
play,com.hayteknoloji.hayrat.mkuran,2026-01-04,2,,sayfa ve ses dosyalarını indirmede problem yaşanıyor. lütfen çözün.,1,6.2.4
play,com.hayteknoloji.hayrat.mkuran,2026-01-03,2,,uygulamayı ilk indirdiğimde sayfalar eksik veya indirilmemiş diyor indir butonuna tıklayıp 20-30 dk kadar beklediğimde dahi ilerleme %0 gözüküyor uygulamayı kullanamıyorum,2,6.2.4
play,com.hayteknoloji.hayrat.mkuran,2025-12-10,2,,uygulamayı indirdim ancak içeriğindeki programları kur-an kerim indirmiyor ne yapmamız gerekiyor bu konuda yardımcı olursanız sevinirim şimdiden teşekkürler,2,6.2.4
play,com.hayteknoloji.hayrat.mkuran,2025-12-08,1,,Kuran sayfalarını indirmiyor,1,6.2.4
play,com.hayteknoloji.hayrat.mkuran,2025-11-27,1,,Merhaba Davut Kaya hocanın da sesinden dinleyebiliyor muyuz?,0,6.2.4
play,com.hayteknoloji.hayrat.mkuran,2025-11-11,2,,Hatim duasını Türkçe mealle yazarsanız Arap olmayan ve Arapça bilmeyenler de anlar... Arapça vacip Türkçe lazım ve şart... Teşekkürler... Sevgiler...,0,
play,com.hayteknoloji.hayrat.mkuran,2025-10-26,3,,Ayraç için ilerideki bir sayfaya sayfa numarası giremiyorum. IOS uygulamasında bunu yapabiliyorum. Burada da yapılmasını rica ediyorum. Yoksa uygulama 5 yıldızı hakkediyor.,0,6.2.4
play,com.hayteknoloji.hayrat.mkuran,2025-10-22,3,,her gün güncelleme geliyor. her gün Kur'an sayfaları eksik indir güncelle diyor olmamış,0,6.2.4
play,com.hayteknoloji.hayrat.mkuran,2025-10-13,3,,yeni versiyon göz yoruyor. sayfa ekranı kaplamıyor. mercek gerek,0,6.2.4
play,com.hayteknoloji.hayrat.mkuran,2025-09-26,1,,Eski sürüm daha iyiydi bu sürümde sayfayı büyütemiyorsun iyileştirme değil gerileme olmuş. Birde niye herkese zorunlu güncelleme oluyor isteyen güncellesin sürümü.,2,6.2.4
play,com.hayteknoloji.hayrat.mkuran,2025-09-23,3,,Kuran dosyaları indiriliyor. Daha sonra indirilmedi hatası alıyorum kontrol eder misiniz.,0,6.2.4
play,com.hayteknoloji.hayrat.mkuran,2025-09-22,1,,uygulama indi sayfalar inmiyor,1,6.2.4
play,com.hayteknoloji.hayrat.mkuran,2025-09-08,2,,sayfa atlama yapıyor okuduğum sayfalar atlama yapıyor lütfen arızayı gidermek için çalışma yapın sayfalar atlama yapıyor,0,6.2.4
play,com.hayteknoloji.hayrat.mkuran,2025-07-20,2,,"saffat süresi 11. ayet ""hüm"" kelimesi düzeltilmeli!",0,6.2.4
play,com.hayteknoloji.hayrat.mkuran,2025-06-22,2,,Hat zaten kendini kanıtlamış en kolay okumadır. Ancak Uygulama tablette maalesef eksikler var. Sayfa tablete tam sığmıyor. Eski uygulamayı yükleyin deniyor ama eski uygulama yok.,4,6.2.4
play,com.hayteknoloji.hayrat.mkuran,2025-06-21,1,,"ara tuşu sure aramıyor, aratmıyor. Dinden imandan çıkarmayın pls",0,6.2.4
play,com.hayteknoloji.hayrat.mkuran,2025-05-23,1,,indirdim telefonun neresine indi adı var dosyası yok nasıl iş bi tarif etseniz🧐🧐,0,6.2.4
play,com.hayteknoloji.hayrat.mkuran,2025-03-23,1,,İlk 16 MB olarak inip sonradan 150 MB olarak ek indirim istemesi dolandırıcılık gibi geldi.,0,
play,com.hayteknoloji.hayrat.mkuran,2025-03-23,1,,Hayrat kur an yıllardır okuyorum cep telefonu ufak ekran üst ve altında boşluk oluyor tam ekran olmuyor tam ekran olursa çok iyi olur,0,6.2.4
play,com.hayteknoloji.hayrat.mkuran,2025-03-21,1,,sürekli güncelleme geliyor saçma,0,
play,com.hayteknoloji.hayrat.mkuran,2025-03-09,3,,"Uygulama güzel elinize sağlık fakat Hizb""lerde çok yanlış var. Numaralandırmayı kontrol etmelisiniz.",0,6.2.4
play,com.hayteknoloji.hayrat.mkuran,2025-02-14,1,,Maide suresi 115. Sayfa Bünyamin topçuoğlu Ses yok.. Ayrıca Türkçe meal seslendirme sini acilen bekliyoruz,0,6.2.4
play,com.hayteknoloji.hayrat.mkuran,2025-02-02,1,,Kitabınızın adı kuran değil Kur'an'ı Kerim dir ayette de böyle geçer ismi düzeltin lütfen hürmet,1,6.2.4
play,com.hayteknoloji.hayrat.mkuran,2025-01-28,1,,Telefonumdan uygulama yanlışlıkla silindi ve şimdi uygulama yüklü demesine rağmen uygulamayı telefonumda bulamıyorum,0,6.2.4
play,com.hayteknoloji.hayrat.mkuran,2025-01-26,3,,"I cannot understand why the Quran translation is only available in Turkish and not in English in this beautiful program. Considering the universality of the Quranic message, it is obvious that it must be available in English.",0,6.2.4
play,com.hayteknoloji.hayrat.mkuran,2025-01-16,1,,Gayet güzel yapılmış bir uygulama,0,6.2.4
play,com.hayteknoloji.hayrat.mkuran,2025-01-12,1,,Mealler okuduğumuzda sayfaki kuranı kerim ayetiyle aynı ayet ve sayfa ismi yazmıyor bunu düzeltebilirmisiniz,0,6.2.4
play,com.hayteknoloji.hayrat.mkuran,2025-01-02,2,,Kuranı kerim Arapça yazısını büyütebilir misiniz??,0,6.2.4
play,com.hayteknoloji.hayrat.mkuran,2024-10-02,2,,İlk resimde haşiye ve meal secenegi var ama uygulamayı indirdim yok. Sırf haşiye için indirmistim,0,6.2.4
play,com.hayteknoloji.hayrat.mkuran,2024-08-20,1,,Orjinal metnin font büyüklüğü ayarlanabiliyor mu. Benim için biraz küçük,0,6.2.4
play,com.hayteknoloji.hayrat.mkuran,2024-07-07,1,,Merhaba programda sıkıntı var çok geç açmaya başladı güncelleme atarmısınız,1,6.2.4
play,com.hayteknoloji.hayrat.mkuran,2024-07-06,1,,Ara verdigimde cüzümü okurken kaldığım yerden devam edemiyorum düzeltilirse memnun olurum,0,6.2.4
play,com.hayteknoloji.hayrat.mkuran,2024-06-01,3,,Ben bir hatayı düzeltmek için yazıyorum bu yorumu. Tarık suresini dinleymiyoruz.Bence düzeltilmesi gerekir.,0,6.2.4
play,com.hayteknoloji.hayrat.mkuran,2024-05-11,1,,"Kur'anı ÂŹIMU Şân'ın Mealini İstiyorum. Güncelle Deniliyor, Güncellemeye Çalışıyoruz, Güncellenmiyor? Arz Ederim Saygılarımla.",7,6.2.4
play,com.hayteknoloji.hayrat.mkuran,2024-05-10,3,,"Aslında güzel ama,sadece sure dinleme özelliği de olsa harika olur.",2,6.2.4
play,com.hayteknoloji.hayrat.mkuran,2024-05-02,3,,Beğenerek kullanıyordum hafızlığımı da bu hattan yaptığımdan çok rahat ediyordum günlük hayatta ama son zamanlarda uygulama açılma ekranında takılıyor tekrar tekrar denediğimde anca girebiliyorum uygulamaya stabilizasyon geliştirilirse çok güzel olur,0,6.2.2
play,com.hayteknoloji.hayrat.mkuran,2024-04-18,1,,Fatih çolak da eklense daha güzel olacak,0,6.2.2
play,com.hayteknoloji.hayrat.mkuran,2024-04-08,3,,"Her şey iyi hoş da her güncellemede ayraçlarım kayboluyor, her seferinde cüzümde nerede kaldığım, işaretlediğim sayfalar yok oluyor, buna bir çözüm getirirseniz çok sevinirim",0,6.2.2
play,com.hayteknoloji.hayrat.mkuran,2024-03-26,3,,Emeği geçenlerden Allah razı olsun. Takip oklu hale geldiğinde daha da kolay takip edileğini düşünüyorum.,0,6.2.2
play,com.hayteknoloji.hayrat.mkuran,2024-03-26,2,,Eski sürümüne nasıl ulaşabilirz,0,
play,com.hayteknoloji.hayrat.mkuran,2024-03-22,3,,"Uygulama çok güzel, özellikle tam sayfa olarak telefon ekrandan okuyabilmek yani okunaklı olması güzel ancak yerimi belli etmek için ayracı güncelleme konusu net değil.. Her seferinde yeni ayraç oluşturuyorum. Ayracı seçip güncelle butonu eklense hoş olur. Allah razı olsun, rabbim hayrınızı kabul etsin.",0,
play,com.hayteknoloji.hayrat.mkuran,2024-03-19,1,,Allah razı olsun çok yararlı bir iş yapıyorsunuz yapandan yaptırılan Allah razı olsun,0,6.2.2
play,com.hayteknoloji.hayrat.mkuran,2024-03-15,1,,Uygulamayi açınca neden tekrar indirmeye yonlendiriyor ki. Dahili bir şekilde neden gelmiyor mu,0,
play,com.hayteknoloji.hayrat.mkuran,2024-03-10,3,,Bir cami gorevlisi olarak ilk zamandan beri kullaniyorum guzel ama en guzel ama eksikler var Sayfaya dokununca durdur butonu eklenmis guzel ama calismiyo neden.. kabe imamlari yaziyo secenek yok birini indirdi kim belli deil. Play ve stop tusu cok minik cok minik,0,6.2.2
play,com.hayteknoloji.hayrat.mkuran,2024-03-10,3,,Bulunduğumuz sayfadan geri tuşuna basarak çıktığımızda ip işlevi o sayfayı hafızaya alıyor halbuki ben bir hatim yaparken başka bir nedenle yasin fetih yada başka bir süre okuyup yanlışlıkla geri tuşuna basıp çıkmam durumunda takip ettiğim hatim sayfası siliniyor. Geri tuşuna basarken bir uyarı yada ip konsun mu gibi bir soru sorulsa yada daha pratik bir işlem çok iyi olur. Hatta birden fazla ip koyabilme seçeneği de başkaları için iyi olur.,1,6.2.0
play,com.hayteknoloji.hayrat.mkuran,2024-03-09,3,,Ben tavsiye üzerine indirdim uygulamayı. Ama ben de dinlemek için sure den başlama özelliği yok sayfanın en başından başlıyor ayrıca ayet tekrar ayarı falan çıkmıyor sadece okumayı durdurma ve devam etme ayarı var bunu nasıl düzeltebiliriz,14,6.2.2
play,com.hayteknoloji.hayrat.mkuran,2024-03-08,3,,Meali yok uydu programın.meal de okuyabilseydik keşke,0,6.2.2
play,com.hayteknoloji.hayrat.mkuran,2024-03-04,2,,Selamünaleyküm meal yazı büyütme ayarı var Arapça yazı büyüme ayarı yok hep gençler mi okuyor bunu yaşlı ve görmeyenler için Arapça yazı büyütme ayarı olması çok iyi olur,0,6.2.2
play,com.hayteknoloji.hayrat.mkuran,2024-03-02,1,,Elinize sağlık çok güzel bir uygulama ama ayraç koyduğumuz zaman bir daha onu silemiyorum.Eski ayraçları silme özelliği eklenebilir mi acaba????Yorumlara bakan yok mu?????,1,6.2.2
play,com.hayteknoloji.hayrat.mkuran,2024-02-28,3,,Emeğinize sağlık güzel olmuş ama ayraçları masa üstüne alma özelliği gitmiş...Tekrar uygulamaya eklemeniz ümidiyle...,0,5.2
play,com.hayteknoloji.hayrat.mkuran,2024-02-22,3,,"Tüm sureler bitince otomatik başa dönmesini istiyorum, bu özellik var mı bilmiyorum?",0,6.2.2
play,com.hayteknoloji.hayrat.mkuran,2024-02-21,1,,Kuran okurken bir türlü yazıyı buyutemedim ayriyeten sayfa dönüşlerin de bir ok işareti okuduğun yeri de süre olarak değilde sayfa olarak kayıt yapılsa daha iyi olur ben bu yüzden silmek zorunda kaldım,2,6.2.2
play,com.hayteknoloji.hayrat.mkuran,2024-02-19,2,,Uygulama guzel fakat kuran dinleyemiyorum sesi açtığım gibi uygulamadan atıyor lütfen düzeltirsin severek kullaniyordum,0,6.2.1
play,com.hayteknoloji.hayrat.mkuran,2024-02-12,1,,Okumaya bastığımızda uygulama kapanıyor. Dinleyemiyoruz,0,6.2.1
play,com.hayteknoloji.hayrat.mkuran,2024-02-09,3,,Lütfen düzeltin artık sesli olarak çalışıyor,0,
play,com.hayteknoloji.hayrat.mkuran,2024-02-08,3,,Ses dosyaları açılmıyor ve açılmaya çalışınca kapanıyor,1,6.2.1
play,com.hayteknoloji.hayrat.mkuran,2024-02-06,3,,Harfe göre sıralayıp açınca sure isimleri hatalı görünüyor,0,6.2.1
play,com.hayteknoloji.hayrat.mkuran,2024-02-04,1,,uygulama güzel ama sesli dinlemeye tıklayınca uygulama kapanıyor bu sorunun giderilmesi lazım...,2,6.2.1
play,com.hayteknoloji.hayrat.mkuran,2024-02-03,1,,Açılmıyor,0,6.2.1
play,com.hayteknoloji.hayrat.mkuran,2024-02-01,3,,Sesli dinlenmiyor uygulama kapanıyor s23 ultra,2,6.2.1
play,com.hayteknoloji.hayrat.mkuran,2024-01-31,1,,Ses dosyalarını dinlemek istediğinde program otomatik kapanıyor,3,6.2.1
play,com.hayteknoloji.hayrat.mkuran,2024-01-30,1,,Açılmadan kapanıyor,0,6.2.1
play,com.hayteknoloji.hayrat.mkuran,2024-01-29,2,,İmamlardan Kur'an dinlemek istediğimde uygulama kapanıyor (Not:Samsung s6 ve s7 de çalışıyor samsung A34 de uygulama kapanıyor) eski telefonda çalışıyor yeni telefonda çalışmıyor.,6,6.2.1
play,com.hayteknoloji.hayrat.mkuran,2024-01-16,3,,Çok acil olarak olması gerekenler sesli olarak dinlemek istiyorsun fakat uygulamadan atıyor dinleyemiyoruz. Acil düzeltilmeli lütfen..,1,6.2.1
play,com.hayteknoloji.hayrat.mkuran,2024-01-07,1,,Uygulamaya hiç bakıyor musunuz çalışıyor mu diye çünkü sürekli hata veriyor uğraşamıyıcam artık siliyorum,0,6.2.1
play,com.hayteknoloji.hayrat.mkuran,2024-01-06,1,,Kur'an dinlemek için indirilen imamların ses dosyalarına dokunulduğunda uygulama kapanıyor ve hata veriyor. Hiçbir ses dosyası çalışmıyor. Uygulama en güncel halinde ve Galaxy A24 telefonda kullanıyorum. Ses dosyalarını dinleyebilmek için gerekli güncellemelerin yapılmasını rica ediyorum,76,6.2.1
play,com.hayteknoloji.hayrat.mkuran,2024-01-06,3,,Ayetin hemen altında mealinin olması; hangi ayetin ne manaya geldiğini öğrenmek açısından daha verimli oluyor; şahsi düşüncem. Allah razı olsun,0,6.2.1
play,com.hayteknoloji.hayrat.mkuran,2024-01-04,1,,Uygulama sürekli kapanıyor,0,6.2.1
play,com.hayteknoloji.hayrat.mkuran,2024-01-03,3,,"Genel olarak güzel olmuş ama bazı yerlerde hata veriyor-.mesela ayraç eklemek istediğim zaman önceki ayraçlarımı getirmiyor. Her seferinde tekrar ayraç adı girmem gerekiyor. Birden fazla ""kaldığım yer"" adlı ayraç oluyor. Sesi dinlemek istediğim zaman tüm sureyi indirmeme rağmen uygulama kapanıyor... gibi.hatalı kısımlar var, düzeltilse daha düzel olur. Birde sure ayet arama kısmında hata var. Arama yapıp yapmadığımız anlaşılmıyor. Bazen imleç olduğu halde yazmıyor.",12,6.2.1
play,com.hayteknoloji.hayrat.mkuran,2023-12-21,1,,"Bu Bir Kuran Dinleme Uygulaması Radyo Değil,Süre Dinlemek isteyince Baştan Başlamıyor.",0,
play,com.hayteknoloji.hayrat.mkuran,2023-11-29,3,,Takip oku eklenmesi gerekli.takibi çok zor oluyor.tesekkurler.,0,6.2.1
play,com.hayteknoloji.hayrat.mkuran,2023-11-12,1,,Ses dosyaları inmiyor bu yüzden 1 yıldız yeterli,0,
play,com.hayteknoloji.hayrat.mkuran,2023-11-12,1,,Sureleri dinleme tuşuna bastığımda sürekli uygulama kapanıyor. Hata veriyor. Tüm imamlarda aynı hata verip kapanıyor. Acil çözüm istiyorum.,0,
play,com.hayteknoloji.hayrat.mkuran,2023-11-10,2,,Önceki uygulama daha iyiydi şimdiki uygulama iyi değil kullanımı zor,0,6.2.1
play,com.hayteknoloji.hayrat.mkuran,2023-11-08,3,,"enam suresi okurken meal açtım alak suresi meali yazıyor, alak suresi mealini açtım ta-ha suresi yazıyor isimler kaymış neyin nerede olduğu belli değil...",0,
play,com.hayteknoloji.hayrat.mkuran,2023-11-01,1,,Güncelleme öncesi daha iyiydi,0,5.1
play,com.hayteknoloji.hayrat.mkuran,2023-10-25,1,,Meali yok var gibi gösterilmiş oysa.,0,6.2.1
play,com.hayteknoloji.hayrat.mkuran,2023-10-24,2,,dafalarca ugrasmama ragmen uygulamayi bilsayarima yüklemiyor. devamli telelefon uygulama secenegi soruyor.benim telefonumda zaten yüklü. bilgisayara yüklemede kolaylik istiyorum,0,
play,com.hayteknoloji.hayrat.mkuran,2023-10-20,1,,"10 senedir kullaniyordum, son guncelleme sonrasi uygulama açılırken internet bağlantısı kurmaya çalışıp bazen 1 dkya kadar geç açılıyor. Uygulamayı sildim düzeltilirse belki tekrar kullanırım",0,5.1
