magaza,app_id,ad,yildiz,tarih,metin
google_play,com.ksp.habittracker,Habit Tracker: Daily Routine,5,2026-09-14,çok iyi bir uygulama
google_play,com.ksp.habittracker,Habit Tracker: Daily Routine,5,2026-09-10,uygulama çok iyi ve ücretsiz
google_play,com.ksp.habittracker,Habit Tracker: Daily Routine,5,2026-09-02,çok iyi
google_play,com.ksp.habittracker,Habit Tracker: Daily Routine,4,2026-09-01,uygulama çok iyi ama bi sorunu var bi görevi silince yeni görev ekleyemiyoruz üyelik istiyo onun dışında mükemmel bi uygulama yükleyin
google_play,com.ksp.habittracker,Habit Tracker: Daily Routine,5,2026-08-29,harika bir uygulamaa ⭐🌺🤩
google_play,com.habitnow,HabitNow Daily Routine Planner,5,2026-09-19,ben çok beğendim.
google_play,com.habitnow,HabitNow Daily Routine Planner,5,2026-09-17,mükemmel
google_play,com.habitnow,HabitNow Daily Routine Planner,5,2026-09-16,best
google_play,com.habitnow,HabitNow Daily Routine Planner,5,2026-08-29,Birçok uygulama denedim hiçbiri bu kadar kullanışlı değil...gerçekten çok güzel bir uygulama Fakat Rica ediyorum Türkçe dil desteği gelirse çok sevinirim
google_play,com.habitnow,HabitNow Daily Routine Planner,5,2026-08-19,please turkish language
google_play,com.habitnow,HabitNow Daily Routine Planner,5,2026-07-16,"Stable, and ı'd like to keep it that way 🎉"
google_play,com.habitnow,HabitNow Daily Routine Planner,5,2026-07-16,Kolay kolay uygulamalara yorum yazmam ama buna gereği duydum çünkü çok güzel uygulama çok sevdim yapımcıların emeğine sağlık desteklemek için premiumda aldım fakat Türkçe dil desteği getirilmeli birsürü dil var ama Türkçe yok en kısa sürede getirilmeli ama çok kullanışlı uygulama
google_play,com.habitnow,HabitNow Daily Routine Planner,1,2026-06-12,iğrenç
google_play,com.habitnow,HabitNow Daily Routine Planner,5,2026-05-11,perfect
google_play,com.habitnow,HabitNow Daily Routine Planner,1,2026-04-19,it's not free
google_play,com.habitnow,HabitNow Daily Routine Planner,4,2026-03-31,Merhaba lütfen Türkçe dil desteği getirin sevgiler
google_play,com.habitnow,HabitNow Daily Routine Planner,5,2026-03-25,Tek eksiği ücretsiz sürümde 7 tane alışkanlık takibi açabilmek. Onun dışında harika. Tabi Türkçe dil desteği yok.
google_play,com.habitnow,HabitNow Daily Routine Planner,2,2026-03-09,"I purchased the app, but it doesn't have Turkish language support. So I canceled my purchase. I thought maybe it would be added in a new version, but the last update date is 2025. Will Turkish language support be added?"
google_play,com.habitnow,HabitNow Daily Routine Planner,5,2026-03-02,its good ant cheap you pay one time
google_play,com.habitnow,HabitNow Daily Routine Planner,4,2026-02-11,Türkçe dil desteği ne zaman gelecek 🤔 Çok zaman geçmesine rağmen türkçe dil desteği gelmedi. Halbuki lisans ücretinide vermiştim😢
google_play,com.habitnow,HabitNow Daily Routine Planner,5,2026-02-09,ı think this is one of the best habit tracer app but it would be cool if ı can connect with two devices with the same accaunt
google_play,com.habitnow,HabitNow Daily Routine Planner,5,2026-02-07,"Uygulama harika, fakat lütfen Türkçe dil seçeneği ekleyin."
google_play,com.habitnow,HabitNow Daily Routine Planner,5,2026-01-26,tam aradığım uygulama
google_play,com.habitnow,HabitNow Daily Routine Planner,5,2026-01-14,The best application that I used it till now
google_play,com.habitnow,HabitNow Daily Routine Planner,5,2025-12-31,"Akıllıca düşünülmüş, sade görselliğe sahip verimliliği artırıcı bir uygulama, destekliyorum"
google_play,com.habitnow,HabitNow Daily Routine Planner,5,2025-12-23,"diğerlerini de denedim, dönüp dolaşıp buna geldim, uygulamayı çok eskiden almıştım, hala premium kullanabiliyorum, diğer uygulamalar hep aylık ödeme sistemine dönmüş, diğerlerinden de daha kullanışlı, bu yüzden 10 numara 5 yıldız vermek zorundayım :)"
google_play,com.habitnow,HabitNow Daily Routine Planner,4,2025-10-27,Please Turkish Language
google_play,com.habitnow,HabitNow Daily Routine Planner,4,2025-10-25,Türkçe dil desteği olsa ve ücretsiz olsa gerçekten en iyi alışkanlık takip uygulaması. Bu haliyle bile en iyileri arasında
google_play,com.habitnow,HabitNow Daily Routine Planner,4,2025-10-21,Dil desteği olmaması bir eksiklik.
google_play,com.habitnow,HabitNow Daily Routine Planner,1,2025-10-16,ücretli versiyonu pahalı tavsiye etmiyorum
google_play,com.habitnow,HabitNow Daily Routine Planner,5,2025-10-02,bedavaya en çok özellik veren uygulama
google_play,com.habitnow,HabitNow Daily Routine Planner,5,2025-08-27,"Bedava sürümü gayet güzel. Basit ama verimli. Takvime etkinlikler de ekleyip toplantı, önemli gün vesaire durumları takip edebilsek çok güzel olurdu."
google_play,com.habitnow,HabitNow Daily Routine Planner,5,2025-05-29,"I liked the application, but it would be great if Turkish language support was added."
google_play,com.habitnow,HabitNow Daily Routine Planner,5,2025-05-11,"This is a fantastic app exactly what I'd been looking for. I quickly upgraded to premium. I just have two suggestions, (1) Please let us manually add tasks to custom lists. For example, I want different tasks in my new ""Urgent Tasks"" list than in my other lists. (2) More flexible time options would be great, like setting tasks for ""any day this week"" or ""someday."" Thanks for this great app!"
google_play,com.habitnow,HabitNow Daily Routine Planner,5,2025-04-14,"çok güzel bir uygulama, epey ayrıntılı düşünülmüş. ayrıca kullanıcı ara yüzü de oldukça güzel"
google_play,com.habitnow,HabitNow Daily Routine Planner,4,2025-04-09,"Font sizes are small, desktop version has not arrived yet. Adding tasks could be easier, it seems like there are still elements that can be improved in terms of ergonomics. Other than that, it's a great application, I use it every day."
google_play,com.habitnow,HabitNow Daily Routine Planner,5,2025-04-05,Adamlar yapmış. Parasını hak ediyor. 1 kahve parası
google_play,com.habitnow,HabitNow Daily Routine Planner,3,2025-03-07,"5 custom categories for non premium users. You gotta be kidding me lol. Edit: just saw ""one-time purchase price"" and it's pretty cheap gotta hand it to dev 👏"
google_play,com.habitnow,HabitNow Daily Routine Planner,5,2025-02-05,👍👍👍
google_play,com.habitnow,HabitNow Daily Routine Planner,5,2025-02-04,It would be better if there was Turkish language support.
google_play,com.habitnow,HabitNow Daily Routine Planner,3,2025-01-25,Normal çalışan rutin alarmları kendi kendine çalışmamaya başladı.
google_play,com.habitnow,HabitNow Daily Routine Planner,5,2025-01-11,I want to ask something. I have premium but I bought new device and I can't reach my premium in my new device how can I solve this problem?
google_play,com.habitnow,HabitNow Daily Routine Planner,2,2025-01-10,"Güzel, iyide Türkçe dil bilgisi desteği olacak mı?"
google_play,com.habitnow,HabitNow Daily Routine Planner,1,2024-12-19,There is no Turkish launguage support.
google_play,com.habitnow,HabitNow Daily Routine Planner,5,2024-12-02,Tam olarak istediğim bir program ne eksik ne fazla çok tatlı
google_play,com.habitnow,HabitNow Daily Routine Planner,5,2024-11-17,Arayüzü falan çok basit ve anlaşılır güzel bir uygulama
google_play,com.habitnow,HabitNow Daily Routine Planner,5,2024-10-16,Windows app please
google_play,com.habitnow,HabitNow Daily Routine Planner,5,2024-09-29,The most effective and fun-to-use habit app. Awesome 👏
google_play,com.habitnow,HabitNow Daily Routine Planner,4,2024-08-23,keşke türkçe dil desteği de olsaydı. onun dışında mükemmel
google_play,com.habitnow,HabitNow Daily Routine Planner,4,2024-08-11,Bir puanı bilgisayar desteği olmadığı için kırdım lütfen bilgisayar desteği gelsin
google_play,com.habitnow,HabitNow Daily Routine Planner,5,2024-07-04,Alışkanlık yaratmak için güzel bir uygulama wonyoungism videolarındaki uygulamanın android hali
google_play,com.habitnow,HabitNow Daily Routine Planner,5,2024-04-23,"Kullanması cok kolay, detaylı harika bir uygulama. Normalde hiçbir şeyi puanlamam ama bundan fazla memnun kaldım."
google_play,com.habitnow,HabitNow Daily Routine Planner,4,2024-04-16,"Diğer cihazlarımla backup özelliği üzerinden değil de, direkt anlık olarak senkronize olursa gördüğüm en kullanışlı alışkanlık uygulaması olacak. Kompleks olma durumu ve sadelik ayarı çok dengeli. Çok farklı uygulamalar denedim, sonuç olarak, kullanabildiğim ve işime yarayan bir uygulama olarak HabitNow'ı buldum. Türkçe dil desteği olması sağlanırsa da harika olur. Teşekkür ederim."
google_play,com.habitnow,HabitNow Daily Routine Planner,4,2024-04-15,"It will be better to design categories like folders. When they are tapped, all items should be seen. And users can select the items for today directly from the category folders"
google_play,com.habitnow,HabitNow Daily Routine Planner,5,2024-03-31,"Birçok uygulama denedim en başarılısı buydu. Kullanım kolaylığı, tasarımı, ihtiyaçları karşılaması, hatasız çalışması... her yönüyle harika bir uygulama. İlk defa bi uygulamaya bu kadar olumlu yorum yapıyorum. Bazen isteklerim oluyor. Bunları mail attığımda geri dönüş alıyorum. O özellik geliyor. Playstoredaki açıkara en başarılı todo&habit uygulaması..."
google_play,com.habitnow,HabitNow Daily Routine Planner,1,2024-03-09,Rutin için ayarlanan alarmlar ancak 10 gün kadar devam ediyor ve sonrasında çalışmıyor
google_play,com.habitnow,HabitNow Daily Routine Planner,5,2024-03-02,Ücretsiz olarak sunduğu olanaklar oldukça iyi. Tasarımını da begendim.
google_play,com.habitnow,HabitNow Daily Routine Planner,5,2024-03-01,"Oldukça kullanıcı dostu bir arayüze ve kullanıma sahip uygulama geliştirmişler. Bu uygulamaya kadar birkaç tane benzer alışkanlık takibi uygulaması kullandım ve en büyük sorunum, ilgili hatırlatıcılar için doğru zamanda bildirim alamamak olmuştu. Neyse ki, HabitNow'da böyle bir problem yaşamadım. Destek sistemleri ise oldukça hızlı ve çözüm odaklı çalışıyor."
google_play,com.habitnow,HabitNow Daily Routine Planner,4,2024-02-29,Uygulamayı çok sevdim ama tabletten premium aldım telefonda ise premium kullanamıyorum belki de ben yapamadım yardımcı olur musunuz ?
google_play,com.habitnow,HabitNow Daily Routine Planner,5,2024-02-27,Arayüzü çok güzel. Gerçekten premium bir planlayıcı
google_play,com.habitnow,HabitNow Daily Routine Planner,5,2024-01-25,indir!
google_play,com.habitnow,HabitNow Daily Routine Planner,5,2024-01-07,Tek kelime ile mükemmel! İstediğim gibi alışkanlık türünü girebiliyorum. Geliştiricilere çok teşekkür ederim. Premium sürümünü destek olmak için satın aldım.
google_play,com.habitnow,HabitNow Daily Routine Planner,3,2024-01-03,Türkçe dil desteği ?
google_play,com.habitnow,HabitNow Daily Routine Planner,5,2023-12-30,Güzel program
google_play,com.habitnow,HabitNow Daily Routine Planner,3,2023-12-23,Türkçe olmadığı için anlayamadım
google_play,com.habitnow,HabitNow Daily Routine Planner,4,2023-12-13,Great but i need a shortcut to select all habits fail! It is very hard to turn back and to do it when i decide to start to use the app again after some weeks.
google_play,com.habitnow,HabitNow Daily Routine Planner,5,2023-12-10,Please add timer statistics to tasks similar to habit statistica. This way for example we can add books to read as a pending task and track statistics of it.
google_play,com.habitnow,HabitNow Daily Routine Planner,5,2023-12-07,"Şu ana kadarki denediğim alışkanlık/hobi veya hatıtlatma uygulamalarından en iyisi diyebilirim. Tek eksiği Türkçe dil desteği yok. Keşke llsa dediğim, belirlediğimiz hedefler için arkadaşlarımızla yarışmak isterdim."
google_play,com.habitnow,HabitNow Daily Routine Planner,3,2023-12-02,Keşke Türkçe dil desteği olsa gerçekten o zaman muazzammm olurdu
google_play,com.habitnow,HabitNow Daily Routine Planner,5,2023-12-02,Bulabileceğinizin en iyisi.
google_play,com.habitnow,HabitNow Daily Routine Planner,5,2023-12-01,Amazingg
google_play,com.habitnow,HabitNow Daily Routine Planner,5,2023-12-01,Such a good program 🙂
google_play,com.habitnow,HabitNow Daily Routine Planner,5,2023-11-20,"Uygulama sade ve kullanışlı. Beğendim. Lakin kronometreyi çalıştırınca günlük toplam kaç saat çalıştığımı göstermiyor. Bu kötü bir özelliktir. Şöyle olmalı, krononetre ile ben süremi tutmalıyım ve istatistik olarak bana günlük, haftalık sunmalı. Alternatif uygulamalarda bu özellikler gayet iyi, bunun eksik olan yönü bu. En kısa sürede güncellersiniz umarım."
google_play,com.habitnow,HabitNow Daily Routine Planner,5,2023-11-13,"Bu uygulama best of the best. Bir çok uygulama denedim ancak kullanım kolaylığı ve ihtiyaçlarıma uymasi yönüyle en basarilisi bu diyebilirim. Tek bir önerim var, sonraki guncellemede, Today altında bulunan görev ve aliskanliklari, isteğe bağlı olarak, grup olarak da görebilme özelliğini getiriseniz harika olur, ayrıca alışkanlıklar ve görevler sürüklenerek kolayca yeniden siralanabilmeli. 13.11.2023 İlave yorum: Yeni güncelleme ile yukarıda belirttiğim özellikler gelmiş. Harikasınız gerçekten"
google_play,com.habitnow,HabitNow Daily Routine Planner,4,2023-10-04,"We need to syncing between two devices and task times. Like: "" go to gym 17:00"""
google_play,com.habitnow,HabitNow Daily Routine Planner,5,2023-09-25,Nice app but you should release more often. Almost 4 months and no release!
google_play,com.habitnow,HabitNow Daily Routine Planner,5,2023-09-09,Sevdim
google_play,com.habitnow,HabitNow Daily Routine Planner,5,2023-09-01,İşlevini fazlasıyla yerine getiren uygulama. Ücretli versiyonu uygun. Kaçırmayın.
google_play,com.habitnow,HabitNow Daily Routine Planner,5,2023-08-31,Bastım parayı aldım :) güzel kullanışlı
google_play,com.habitnow,HabitNow Daily Routine Planner,5,2023-08-22,40 tl ye satın aldım. İnşallah düzenli kullanırım. Türkçe dil desteği gelmeli ve Pc masaüstü için de gelmeli
google_play,com.habitnow,HabitNow Daily Routine Planner,5,2023-08-20,Ücretsiz versiyonu çok iyi. Birde premium aylık değil tek seferlik 40 tl. Direkt satın aldım çoğu uygulamanın aylığı bundan fazla.
google_play,com.habitnow,HabitNow Daily Routine Planner,5,2023-08-05,Please release on IOS. I want use sycn on Android Phone and IOS ipad. Future is ok but you have plan?
google_play,com.habitnow,HabitNow Daily Routine Planner,4,2023-08-02,"Almost perfect app for me. I purchased life-time premium. I have a feedback about widgets. In the widget, each habit's row background could colored from left to right until it is full like a progress bar. And adding Turkish language would be great"
google_play,com.habitnow,HabitNow Daily Routine Planner,5,2023-08-01,Harika bi uygulama alışkanlık oluşturmak için bire bir.
google_play,com.habitnow,HabitNow Daily Routine Planner,5,2023-06-03,Çok güzel öneririm
google_play,com.habitnow,HabitNow Daily Routine Planner,5,2023-05-26,Yeni ücretsiz bir şeyler yaratın uygulamada
google_play,com.habitnow,HabitNow Daily Routine Planner,5,2023-05-10,Turkish language packet please
google_play,com.habitnow,HabitNow Daily Routine Planner,5,2023-04-22,Very good
google_play,com.habitnow,HabitNow Daily Routine Planner,5,2023-04-20,Absolutely perfect!
google_play,com.habitnow,HabitNow Daily Routine Planner,4,2023-04-07,Türkçe dil seçeneği gelmeli.
google_play,com.habitnow,HabitNow Daily Routine Planner,5,2023-03-09,Uygulama ve arayüz güzel işe yarıyor tafsiye ederim
google_play,com.habitnow,HabitNow Daily Routine Planner,5,2023-02-24,The only app in its category thats meets all my expectations
google_play,com.habitnow,HabitNow Daily Routine Planner,5,2023-02-22,"İlk bakışta gayet iyi gereksiz reklam yok, arayüz sade, kullanışlı ve premium'unuzu olmaması çok etkilemiyor. Ücretisiz de gayet iyi faydalanabilirsiniz"
google_play,com.habitnow,HabitNow Daily Routine Planner,4,2023-02-14,Türkçe dil desteği getirilmeli .
google_play,com.habitnow,HabitNow Daily Routine Planner,5,2023-02-08,Kullanımı kolay tercih edilir
google_play,com.habitnow,HabitNow Daily Routine Planner,5,2023-02-08,Türkçe dil gelecek mi
google_play,com.habitnow,HabitNow Daily Routine Planner,5,2023-01-24,i loved it! its enough without premium but i bought it just for help to the community!
google_play,com.habitnow,HabitNow Daily Routine Planner,5,2023-01-11,Mükemmel
google_play,com.habitnow,HabitNow Daily Routine Planner,5,2023-01-08,"Çok iyi, Türkçe dil desteği gelmeli."
google_play,com.habitnow,HabitNow Daily Routine Planner,1,2023-01-07,"Unfortunately, there is no Turkish in the language options. Are you considering adding it?"
google_play,com.habitnow,HabitNow Daily Routine Planner,5,2023-01-04,"Great app with beautiful UI. There is one thing I want to mention to improve the quality. In the Today's tab, I would like to see the next reminder's time if there is multiple, for a habit. For now it's just showing the first reminder's time"
google_play,com.habitnow,HabitNow Daily Routine Planner,4,2022-12-28,Program çok iyi düzenlenmiş bir de widget eklense çok kullanışlı ve kolaylaştırıcı olur.
google_play,com.habitnow,HabitNow Daily Routine Planner,5,2022-12-20,Ciddi bir şekilde yaparsanız gerçekten çok güzel ve kullanması kolay bir uygulama
google_play,com.habitnow,HabitNow Daily Routine Planner,5,2022-12-17,Kendime faydalı alışkanlıklar kazandırmak için kullanıyorum. Gayet güzel gidiyor.
google_play,com.habitnow,HabitNow Daily Routine Planner,5,2022-12-13,Adam olana çok bile.
google_play,com.roehl.habitkit,Habit Tracker - HabitKit,5,2026-08-15,nicey
google_play,com.roehl.habitkit,Habit Tracker - HabitKit,1,2026-03-05,HabitKit A34 Modelde yavaş çalışıyor hantal kalıyor. Optimize ediniz. Çok bug var.
google_play,com.roehl.habitkit,Habit Tracker - HabitKit,5,2026-02-06,Price 10/10 Easy use 10/10 Pro design 10/10
google_play,com.roehl.habitkit,Habit Tracker - HabitKit,5,2025-12-21,okaydir
google_play,com.roehl.habitkit,Habit Tracker - HabitKit,1,2025-10-16,bu paraya daha iyileri var önermiyorum
google_play,com.roehl.habitkit,Habit Tracker - HabitKit,1,2025-04-12,widget için niye pro gerekiyor tek indirme sebebim oydu 👎
google_play,com.roehl.habitkit,Habit Tracker - HabitKit,5,2025-03-01,Şimdilik arayüzü çok güzel görünüyor basit ve kullanması kolay
google_play,com.roehl.habitkit,Habit Tracker - HabitKit,4,2025-02-18,Renk çesidi çok az
google_play,com.roehl.habitkit,Habit Tracker - HabitKit,5,2025-01-02,Great app! Thanks a lot for your work. I already buy the pro version.
google_play,com.roehl.habitkit,Habit Tracker - HabitKit,4,2024-11-01,Basit ve güzel uygulama ancak Türkiye fiyatlandırması daha uygun fiyatlı olabilir.
google_play,com.roehl.habitkit,Habit Tracker - HabitKit,5,2024-10-02,Perfect!
google_play,com.roehl.habitkit,Habit Tracker - HabitKit,1,2024-08-07,uygulamayı açar açmaz ücret talep ediliyor
google_play,com.roehl.habitkit,Habit Tracker - HabitKit,5,2024-07-12,My life became github
google_play,com.roehl.habitkit,Habit Tracker - HabitKit,5,2024-07-03,Genelde yorum yapmam uygulamalara ama çok hoşuma gitti destek olmak istedim. Yeni alışkanlıklar edinmek için kullanıyorum.
google_play,com.roehl.habitkit,Habit Tracker - HabitKit,5,2024-04-23,Çok tatlı ve güzel bir uygulama
google_play,com.roehl.habitkit,Habit Tracker - HabitKit,5,2024-03-29,"Her şeyi derli toplu görüyorsunuz, bunu sevdim. Bütüncül"
google_play,com.roehl.habitkit,Habit Tracker - HabitKit,3,2024-03-09,"Genel olarak güzel fiyati pahalı, ikinci olarak webten takip edilebilse güzel olurdu. Bir alışkanlığın için verdiği istatistiklerin kayda değer yanı yok. En azından benim için... Aboneliği devam ettireceğimi sanmıyorum."
google_play,com.roehl.habitkit,Habit Tracker - HabitKit,5,2024-02-26,müq
google_play,com.roehl.habitkit,Habit Tracker - HabitKit,1,2024-02-22,Herşey paralı beğenmedin en fazla 4 alışkanlık ekleyebilyorsunuz...Daha çocuk olduğum (13) kredi kartım yok tabi alamıyorum
google_play,com.roehl.habitkit,Habit Tracker - HabitKit,2,2024-01-15,Premium for widget and stats? No thanks
google_play,com.roehl.habitkit,Habit Tracker - HabitKit,5,2024-01-14,Çok güzel olmuş emeğinize sağlık
google_play,com.roehl.habitkit,Habit Tracker - HabitKit,5,2023-12-22,Hedef takibi için ilgi çekici ve ideal
google_play,com.roehl.habitkit,Habit Tracker - HabitKit,5,2023-11-02,uygulama çok kullanışlı sade mütevazı bir arayüzü var. Alışkanlık önerileri ve renk çeşitleri var. güzel bir uygulama. tek eksisi yapamayacağımız alışkanlıkları atlamak yok. indirmenizi öneririm.
google_play,com.roehl.habitkit,Habit Tracker - HabitKit,5,2023-10-08,Perfect perfect perfecttttt 😎👍🏻
google_play,com.roehl.habitkit,Habit Tracker - HabitKit,2,2023-09-26,Çok fazla ux eksiği var ayarları yetersiz yıllık değil aylık liste isterim Anasayfada Ayrıca bir ayar değiştirdiğimde geri gidince uyarmıyor
google_play,com.roehl.habitkit,Habit Tracker - HabitKit,1,2023-09-21,Abonelik modeli çıktığından beri en ayak uygulamaların bile burnu kaf dağınsa. 10 sene önce olsa tam paketi 9.90dan satılacak uygulama abonelik modası sağolsun 400 lira.
google_play,com.roehl.habitkit,Habit Tracker - HabitKit,4,2023-07-02,"Kare kare checklist görünümünü de seviyorum düzeni bozmamak için motive ediyor insanı. Takvim isaretine basınca daha önce işaretlemeyi unuttuğum yerleri dönüp işaretleyebiliyorum tarihi geçince kilitlemiyor olması ayrıca mantıklı. Simgelerin çeşitliliğinden tutun sistem arayüzüne, kullanımına her şey çok güzel. Tek sıkıntısı premiumsuz max 4 alışkanlık ekleyebiliyor olmamız benim daha çok alışkanlığım var..."
google_play,com.roehl.habitkit,Habit Tracker - HabitKit,5,2023-05-07,Şimdiki deneyimlerim muhteşem! Geliştiricinin ellerine sağlık
google_play,com.roehl.habitkit,Habit Tracker - HabitKit,5,2023-03-09,Harika düşünülmüş ve tasarlanmış bir uygulama. Kullanması keyifli
app_store,com.davetech.habit,Habit Tracker,5,2026-09-04,Language. This app is really great man but why isn't there Turkish language support?
app_store,com.davetech.habit,Habit Tracker,5,2026-07-19,Çok kötü……... Sadece altı tane görev ekleyebiliyorsunuz
app_store,com.davetech.habit,Habit Tracker,1,2026-06-27,"Отвратительный перевод. Купила полную версию и пожалела. Отвратительный перевод на русский язык. Приложение в топе, а работу нормального переводчика оплатить не могут 🤦🏻‍♀️"
app_store,com.davetech.habit,Habit Tracker,4,2026-06-21,Sync is problematic now. This app was amazing and I still like it but for sometime now sync doesnt work like it used to between devices
app_store,com.davetech.habit,Habit Tracker,5,2026-06-02,Good Manager. So far soo good I hope you continue to enhance app
app_store,com.davetech.habit,Habit Tracker,5,2026-05-29,Mükemmel. Alışkanlık takibi alanında kullandığım en iyi uygulama.
app_store,com.davetech.habit,Habit Tracker,5,2026-05-26,"Memnuniyet. Uzun zamandır kullandığım bir uygulama. Benzerlerini çok denemeye çalışsam da aynı tadı alamadım. Sıcacık tasarımı, ücretsiz versiyonunda bile çok sayıda alışkanlık ekleme özelliği ve basit arayüzü ile beklentilerimi çok iyi karşıladı. Yıllardır beni motive etmesi sebebiyle artık satın aldım. Böylece alışkanlıklarım hakkında haftalık, aylık, yıllık raporlar alabiliyorum. Güzel işlerinizin takipçisiyiz. Teşekkürler🌸"
app_store,com.davetech.habit,Habit Tracker,5,2026-05-25,Good App for learning and other stuff. I like this app even I am not using it I still think it is good enough to try it
app_store,com.davetech.habit,Habit Tracker,5,2026-05-03,Kullanışlı ve düzenli. Ara yüzü oldukça basit. Ücretsiz versiyonunu kullanıyorum ve şimdiden bana oldukça faydası oldu. Sürekli unuttuğum şeyleri bildirim özelliği ile hatırlatması en beğendiğim özelliğiydi. Daha yeni kullanmaya başladığım için net bir yorum yapmak doğru olmaz ama şu anlık oldukça beğendiğim bir uygulama oldu.
app_store,com.davetech.habit,Habit Tracker,5,2026-05-01,"Please turkish language. In the comments of the application, many people say Turkish language support should come, why don't you still bring it, please bring it as soon as possible, please also answer, let us know if it will come."
app_store,com.davetech.habit,Habit Tracker,1,2026-04-12,Türkçe olmalı. Türkçe seçeneği olmalı
app_store,com.davetech.habit,Habit Tracker,2,2026-04-12,UI looks like gay. Sorry but facts
app_store,com.davetech.habit,Habit Tracker,1,2026-04-04,İyi değil. Aylık ya da yıllık Alışkanlık oluşturduğumda o gün o alışkanlığı yapmamış olsam da kendi kendine tikliyor. Ayrıca alışkanlık silmem gerekince uygulama donuyor .
app_store,com.davetech.habit,Habit Tracker,4,2026-03-19,"Was good until it broke. Vacation Manager killed the app for me. Now everytime I open the app it heats the phone and repeatedly shows “skipping habits” popup. Even after reinstall I’m unable to do anything if I recover my data…

Such a broken feature.

Edit : Devs fixed it"
app_store,com.davetech.habit,Habit Tracker,2,2026-03-08,Kötü. Yorumlara aldanmayın sakın. 5. Tane ekleyebiliyorsunuz  çok saçma
app_store,com.davetech.habit,Habit Tracker,5,2026-03-03,MÜKEMMEL. Çok güzel beni çok gaza getirdiği hergün en az 50 soru çözmeye başladım
app_store,com.davetech.habit,Habit Tracker,3,2026-02-18,"Hata düzeltmeleri yapılmaması. Sürekli kasıyor ve düzelmiyor, uzun süredir olan bir problem ve asla düzeltilmedi."
app_store,com.davetech.habit,Habit Tracker,5,2026-02-09,Sorun. Ömür boyu aile üyeliği satın aldım diğer aile üyelerimle bunu nasıl paylaşacağım bilmiyorum yardımcı olursanız sevinirim
app_store,com.davetech.habit,Habit Tracker,1,2026-02-02,Cant edit habits. I wanted to edit the days of a habit but you cant edit habits. What a lame app and waste of money
app_store,com.davetech.habit,Habit Tracker,3,2026-01-27,Slow down after last updates. Recently the app is slower after the last updates. It has been really great so far. There should be a fix for that.
app_store,com.davetech.habit,Habit Tracker,5,2026-01-20,Harika. Oncelikle uygulamada habit eklemenin bir siniri var ya da bir cok ozellik premium dahilinde ama neden premium istediginizi acikladiginiz bir mesaj gonderdiginiz takdirde premium uyeligi hediye ediyorlar bu nedenle cok sevdim.Oncelikleri insanların uygulamaya erisimi ve insanlara faydalari gibi duruyor.Arayuzu ve ozellikleri de cok goze hitap eden renkli icerikler deneyim derim
app_store,com.davetech.habit,Habit Tracker,5,2026-01-12,The best app i’ve seen ever. It’s so useful and helps me be better everyday. I fell in love with it immediately and now I can’t imagine a day without this app. Thanks!
app_store,com.davetech.habit,Habit Tracker,5,2026-01-12,Love it. It’s amazing guyssssss🎀😩
app_store,com.davetech.habit,Habit Tracker,5,2025-12-08,Best app. Turkish language pleaseeee so thanx💖
app_store,com.davetech.habit,Habit Tracker,4,2025-11-27,To do list. Ekstradan to do list bölümü olsa daha iyi olur.
app_store,com.davetech.habit,Habit Tracker,5,2025-11-26,Türkçe gelmeli. Uygulama güzel ama Türkçe desteği gelmesi lazım
app_store,com.davetech.habit,Habit Tracker,3,2025-11-18,Pls support TURKSH LANGUANGE. PLS TURKSH LANGUANGE BECAUSE USE MANY PEOPLE İN THE TURKİYE
app_store,com.davetech.habit,Habit Tracker,5,2025-11-12,Harika Bir Uygulama. Her anlamıyla harika bir uygulama her şey düşünülmüş ve her güncellemeyle daha da güzel olan bir uygulama
app_store,com.davetech.habit,Habit Tracker,1,2025-10-08,Terrible support. Customer support far from understanding you and creating solutions
app_store,com.davetech.habit,Habit Tracker,5,2025-09-22,Aradığım uygulama. Severek kullanıyorum cidden çok güzel kendinizi takip etmek ve irade güçlendirmek isterseniz denenmeli.
app_store,com.davetech.habit,Habit Tracker,3,2025-08-19,Zor. Arayüzü çok karışık geldi.
app_store,com.davetech.habit,Habit Tracker,4,2025-07-10,No widget possible. Thank you for rolling out such a good work. Are you going to make widgets possible?
app_store,com.davetech.habit,Habit Tracker,5,2025-06-09,"Best. Graphic design, easy"
app_store,com.davetech.habit,Habit Tracker,4,2025-05-23,Language Support. I guess the app is useful and better for tracking habits. The thing I want to see in this app is Turkish language support.
app_store,com.davetech.habit,Habit Tracker,3,2025-04-21,widget sorunu. telefonumu açıp kapattım fakat hala widget sorunı yaşıyorum lütfen yardımcı olun
app_store,com.davetech.habit,Habit Tracker,3,2025-04-13,Türkçe Dil Desteği Gerekiyor.. Ben az çok idare edebiliyorum lakin anlamayanlar olacaktır. Türkçe dil desteği gerekiyor.
app_store,com.davetech.habit,Habit Tracker,4,2025-04-01,Widget. İphone ana ekrana widget eklemek için indirmiştim ancak yapamıyorum nasıl yapabilirim
app_store,com.davetech.habit,Habit Tracker,1,2025-04-01,"Hey. Hey your app is very good but i can say that the indicators are very very very bugged, also its very hard to find which habitindicator increases with entering digits and which is sliding etc, also they always gonna be bugged. when i click the widget it automatically completes the thing sometimes but not everytime. this makes me to not use the app continiouslu in my subconcious i guess because this app is great for people especially have adhd or typelike. and cant using the app easily makes me feel uncomfortable. Also in the habits special adjusting panel, i always press wrong buttons cause they are all different specifications. trying to make app detailed is great but minimalicity is more important i guess. the app is very minimal but the settings aren’t. hope you guys see it and make it more like apple’s inovative minimalistic style more."
app_store,com.davetech.habit,Habit Tracker,4,2025-03-15,"Average, but performs it's function. There is no way to throw out emojis for a new habit, just an icon. When you try to select an emoji, the window simply closes.

The design with very small elements. Uncomfortable.

You have a choice of colors for your habits, but you can't see the text on the dark colors. Some buttons just don't work. Tested on multiple devices. 

The app benefits from its functionality and low subscription price, but not its design."
app_store,com.davetech.habit,Habit Tracker,5,2025-03-14,The Best Habit Tracker Ever. Easy to use and great for staying consistent. The collaborative tracking feature makes it perfect for friends. Also UI is clean and simple design. I love it
app_store,com.davetech.habit,Habit Tracker,3,2025-02-28,"Shared Habits Problem. I love this app, its simple yet effective.Now i want to track my habits with a friend, but when I go to the group section and select habits, it says ""failed to modify some records"" and I can't share. Please solve this or else Ill switch to another app.
Also i thnk you should update widgets. When i click one habit on them it opens the app but if i can directly check habits on widget without opening the app, itll be more practical and also less distractive."
app_store,com.davetech.habit,Habit Tracker,5,2025-02-25,"Kesinlikle tavsiye ediyorum. Ay veya hafta sonuna günlük rutinlerimi kontrol edebiliyorum. Diyagramda istatistik olarak önüme sunuluyor. Mesela bu ay ne kadar su icmisim, kac kez spora gitmisim, kac sayfa okumusum gibi gibi. Kendi rutinlerimi kendim olusturabiliyorum. Hatta hatirlatma ekleyebiliyorum. Uygulama ici reklam yok extra ücret yok."
app_store,com.davetech.habit,Habit Tracker,4,2025-02-23,İyi. Çok kullanışlı ve güzel ama birinci gününden sonra habit koymak paralı.
app_store,com.davetech.habit,Habit Tracker,5,2025-02-03,harika. çok severek kullandığım hayatımı düzene sokan bi uygulama
app_store,com.davetech.habit,Habit Tracker,2,2025-01-23,"Habit. I have been using the app almost a month; i cant update custom habit settings. For example when i add Workout twice a week then update as 3 times a week it deletes my history of that workout. App needs so many bug fixes. Kind a useless, waste of money."
app_store,com.davetech.habit,Habit Tracker,4,2025-01-22,"Biraz Buglı Ama Gayet Güzel. Ömür boyu premium üyelik satın aldım. Uygulamadan genel itibariyle gayet memnunum ama birtakım buglar da mevcut. Şu an beni en çok rahatsız eden takvimde bir güne ifade eklediğimde bunu silmek istiyorum fakat silemiyorum. Keza sayaç çalışırken bazen zamanı hatalı gösteriyor ama bunun sebebini anlayabilmiş değilim. Tasarım olarak yılsal özet özelliği geliştirmeli sunulan seçeneklerin hepsi hem rakip uygulamalara hem de modern tasarım kurallarına göre “bayağı” kalıyor. Fakat üründen gayet memnunum, işimi görüyor. Uygulamanın hem tasarımsal hem fonksiyonel olarak özelleştirilebilmesi de gayet hoş bir özellik olmuş."
app_store,com.davetech.habit,Habit Tracker,5,2025-01-20,"Muhteşem!. Resmen elim ayağım oldu. Günlük, haftalık, aylık ne yapmak istiyorsam planlıyorum ve takip ediyorum. Hayatımı düzenleyen en güzel uygulamalardan bir tanesi! ❤️"
app_store,com.davetech.habit,Habit Tracker,5,2025-01-06,Nice. very good
app_store,com.davetech.habit,Habit Tracker,1,2024-12-28,"A bug is making it impossible to use. Whenever I try to create a new habit, I change the counts and it multiplies it for some reason. So I end up with 1800hrs instead of the 1hr I wanted"
app_store,com.davetech.habit,Habit Tracker,1,2024-12-26,Cancellation of my Lifetime Premium!. I have been using this app for years! One or two years ago I bought Lifetime Premium. And now it wants me to buy again?! Fix this! Is this app a scam????
app_store,com.davetech.habit,Habit Tracker,5,2024-12-11,"Amazing!. I can’t believe how intricately you can customize the app according to your needs. When you reach out to them regarding anything they really make you feel heard. Not gonna use anything else from now on, won my heart!"
app_store,com.davetech.habit,Habit Tracker,5,2024-12-09,Eksik alanlar. Uygulama çok güzel fakat içinde bulunduğun hafta / ay / yıl olarak bir öncekine göre yüzde kaç ileride ya da geride olduğunu göstermiyor ki esas fikir de bu.
app_store,com.davetech.habit,Habit Tracker,1,2024-12-06,Very bad. Because it doesn’t have free
app_store,com.davetech.habit,Habit Tracker,5,2024-12-06,"DİKKAT ETMEK GEREK! Habersiz üyelik yeniliyor!. Üyeliğimi yenilemediğim halde başka bir paketten, yüksek fiyattan üyelik tanımlamışlar. Aynı gün gördüm, iptal edilmesi için bildirimde bulundum oralı olmadılar."
app_store,com.davetech.habit,Habit Tracker,5,2024-12-02,"notifications. app is very good, but when you turn on the notifications to remind you your habits, it beeps even though you accomplished the habit for that day. it should disable the alarm for the days that you finish your job. other than that, perfect for keeping log."
app_store,com.davetech.habit,Habit Tracker,1,2024-11-29,Useless habits. Cannot read exercise data from Apple Health on iOS 18
app_store,com.davetech.habit,Habit Tracker,3,2024-11-16,Group Manager. More settings > Group Manager doesn’t work. Create 1-2 Group and try add some habits one and some habits other one.
app_store,com.davetech.habit,Habit Tracker,1,2024-11-14,Türkçe dil desteğii. Türkçe dil desteği gerekli
app_store,com.davetech.habit,Habit Tracker,5,2024-11-06,Useful but it is missing some features. I love it except that I can’t set a habit to be reminded to me a specific day in a week. It can be better for sure but it is useful for some purposes as it is
app_store,com.davetech.habit,Habit Tracker,4,2024-10-28,"The calorie burning tracker is not working properly. The calorie burning tracker shows all the calories burned for the day: both active and resting calories. Because of this, it is not possible to set the goal correctly"
app_store,com.davetech.habit,Habit Tracker,5,2024-10-26,"Супер. Лучшее приложение для отслеживания привычек. Я нашла в нем все что искала: простой интерфейс и легкое в использовании, очень практичные виджеты, не скучный но и не слишком сложный дизайн. Мне нравится возможность включать обратный отсчет с музыкой во время выполнения какой-то задачи."
app_store,com.davetech.habit,Habit Tracker,5,2024-10-21,Uygulama bir harika. Uygulama başka hiç söze gerek olmadan harika. Herşey düzenlenebilir ve kolay. Tek sıkıntım widget kısmında ilk yüklediğimde herşey düzgünken şimdi yapıldı yapılmadı göstermiyor. Bu da beni biraz üzdü çünkü Adhd (dehb) ile başa çıkmama çok yardımcı oluyordu. Şu an olmaması ilgimi azaltma yönünde gidiyor umarım düzelir.
app_store,com.davetech.habit,Habit Tracker,1,2024-10-20,Widget issue. Widgets don’t work for 2 weeks! And no one supporting us about that
app_store,com.davetech.habit,Habit Tracker,5,2024-10-06,Random reminders. Random habits reminder at the selected hour range can be a big move for improving mindfulness habits
app_store,com.davetech.habit,Habit Tracker,5,2024-10-01,Turkish Language Please. Please Turkish Language
app_store,com.davetech.habit,Habit Tracker,5,2024-09-12,"Very Useful. Generally I like the app. It’s very simple and cohesive however the UI of the adding new habit and the main page UI doesn’t match. I feel like while adding a new habit I’m in the 90s. It is also cheap for Turkish users which I assume 21 TL. And many of the people says Turkish language should come. Well learning a language, especially English is not that hard. Maybe you should add a habit about learning the language."
app_store,com.davetech.habit,Habit Tracker,5,2024-08-24,"A small bug. I have been using app for 4 months, and purchased lifetime premium. App is amazing!

I have a small bug:
I am using app in phone and my applewatch.
When I complete an habbit it is not reflecting from phone to watch."
app_store,com.davetech.habit,Habit Tracker,5,2024-08-23,Lifetime premium option??. How can I purchase the lifetime premium membership? I don’t want to go for monthly payments. There isn’t an option for this in the app or in the appstore subscription plans. Ps: I also love your other app called Minimalist for years. Thank you.
app_store,com.davetech.habit,Habit Tracker,5,2024-08-19,💖. çok yararlı ve tatlış bir uygulama
app_store,com.davetech.habit,Habit Tracker,5,2024-08-08,Keeps you on track. It is easy and very fun to use this app. Made me progress on keeping on track with the daily habbits.
app_store,com.davetech.habit,Habit Tracker,1,2024-07-30,Turkish language support should come. Turkish language support should come
app_store,com.davetech.habit,Habit Tracker,2,2024-07-15,Dili Türkçe olmali. Dili Türkçe olmali
app_store,com.davetech.habit,Habit Tracker,3,2024-07-10,Türkçe dil desteğine ihtiyacımız var. Uygulama güzel fakat Türkçe dil seçeneği yok lütfen bu talebimizi göz önüne alın
app_store,com.davetech.habit,Habit Tracker,1,2024-07-08,türkçe. 5 alışkanlıktan sonra ücretli istiyor türkçe  dil desteği yok fiyatı da pahalı
app_store,com.davetech.habit,Habit Tracker,5,2024-07-07,Mükemmel. Mükemmel çok iş görüyor
app_store,com.davetech.habit,Habit Tracker,4,2024-07-02,cok guzel. bence cok guzel ama bedavasan sadece 5 tane yazabiliyorum o kotu/ i like it but i can only write 5 times
app_store,com.davetech.habit,Habit Tracker,5,2024-06-07,Çok kullanışlı. Bir öğrenci olarak çok kullanışlı bir uygulama
app_store,com.davetech.habit,Habit Tracker,5,2024-05-31,تطبيق رائع. تطبيق رائع بحمسك لاضافة عادات جديدة لحياتك و التقدم في عاداتك القديمة بغير صحتك النفسية والجسدية للأفضل
app_store,com.davetech.habit,Habit Tracker,5,2024-05-16,11/10. Çok iyi bir uygulama . 20 fazla habit tracker kullandım en iyisi bu . Yıllık ücreti 20₺ çok uygun . Teşekkürler geliştiriciler.
app_store,com.davetech.habit,Habit Tracker,5,2024-05-05,Kullanışlı. Uygulama kullanışlı ve güzel bir ara yüzü var.
app_store,com.davetech.habit,Habit Tracker,5,2024-05-05,"Harika bir uygulama. Yeni bir alışkanlık kazanmak için çok iyi bir uygulama, eğer para ödemek istemiyorsanız burs başvurusu yaparak tüm özelliklerine ulaşabilirsiniz."
app_store,com.davetech.habit,Habit Tracker,3,2024-04-29,"the app closes itself.. i just updated my app but it doesn’t work anymore, it closes the moment i open it."
app_store,com.davetech.habit,Habit Tracker,4,2024-04-29,"Güzel uygulama. Uygulama çok güzel fakat bazı küçük problemler var , bir hedefi sıfırlamak istediğimizde 10/100 iken 0/100 yapıp , geri geldiğimizde yeniden 10/100 e geri geliyor."
app_store,com.davetech.habit,Habit Tracker,5,2024-04-28,Son sürüm hatalı. Son sürüme güncellediğim zaman uygulamadan atıp duruyor acil çözüm getirebilirmisiniz
app_store,com.davetech.habit,Habit Tracker,5,2024-04-28,Harika. Lütfen Türkçe dil desteği de gelsin
app_store,com.davetech.habit,Habit Tracker,1,2024-04-28,Crash. After the last update app keep crashing
app_store,com.davetech.habit,Habit Tracker,3,2024-04-27,Bug. The app closes as soon as I open it
app_store,com.davetech.habit,Habit Tracker,1,2024-04-25,Cok Yavaş. Program çok yavaş ve takılarak çalışıyor ücretli sürümünü satin adım ama bu takılmalar bezdiriyor artık insanı
app_store,com.davetech.habit,Habit Tracker,5,2024-04-19,Simply the Best!. Everything you want is in this app. I just can’t get enough of it
app_store,com.davetech.habit,Habit Tracker,4,2024-04-17,"Excellent app except for a few missing. I should have found the notes I added more easily afterwards. To see the note, I have to go to the required date and click on that event. It's a very long way to go. It can be more bulk and easier. I love the app in general, I bought it. Also, it would be perfect if Turkish language support came"
app_store,com.davetech.habit,Habit Tracker,5,2024-04-13,"Amazing. Uygulama diğerlerine kıyasla daha güzel ve kullanım arayüzü daha basit, istediğiniz çoğu şey var."
app_store,com.davetech.habit,Habit Tracker,5,2024-04-12,Harika. Çok güzel bir uygulama herkese tavsiye ederim
app_store,com.davetech.habit,Habit Tracker,5,2024-04-09,"Fantastic App for time management 👍. I really liked the GUI, and how it helps you manage time."
app_store,com.davetech.habit,Habit Tracker,5,2024-04-02,Rakipleri arasında en iyisi. Diğer uygulamalarda detaylarda kaybolurken sade ve ergonomik arayüzü sayesinde işinizi oldukça fazla görüyor. Yaklaşık iki senedir kullanıyorum oldukça memnunum.
app_store,com.davetech.habit,Habit Tracker,1,2024-04-02,Program çalışma hatası. Arkadaşım ile kullanamıyorum başkasının kurduğu alışkanlıklar siliniyor.  Program çok ağır
app_store,com.davetech.habit,Habit Tracker,5,2024-03-25,ty💝. this app is so useful and amazing for students!
app_store,com.davetech.habit,Habit Tracker,4,2024-03-24,"Genel olarak iyi, ancak…. Uygulama genel olarak ücretsiz olmasını da katarsak iyi. Ancak karmaşık takip özellikleri bence  zayıf. Ayda iki, ayın belirli günlerinde, özel belirlenen ve tekrar eden bir zaman aralığında gibi zamanlamalar yok. Bu özellikler çeşitlendirilirse daha iyi olacaktır."
app_store,com.davetech.habit,Habit Tracker,5,2024-03-12,Turkce dil destegi. keske turkce dil destegi gelse. Cok basarili bir uygulama ingilizce veya almanca dil seviyeniz iyiyse sikinti yasamadan kullanabilirsiniz. Indirin dusunmeden
app_store,com.davetech.habit,Habit Tracker,5,2024-03-11,Language. pls turkish language
app_store,com.davetech.habit,Habit Tracker,1,2024-03-11,5 habits max. You can only have 5 habits then you have to pay i mean you could do it but there are many free habit trackers out there
app_store,com.roehl.habitkit,Habit Tracker - HabitKit,5,2026-08-23,"Я доволен. Самое удобное приложение отслеживания привычек в AppStore. Не хватает некоторых функций, но это личное и автор приложение прислушивается к пожеланиям пользователей."
app_store,com.roehl.habitkit,Habit Tracker - HabitKit,5,2026-07-13,Uygulamayı Çok Beğendim. Alışkanlık edinmek istiyorsanız tam size göre
app_store,com.roehl.habitkit,Habit Tracker - HabitKit,5,2026-04-01,Useful. Nearly perfect app
app_store,com.roehl.habitkit,Habit Tracker - HabitKit,5,2026-03-20,"Lovely app, direct to the point. I was looking for a smooth habit tracker app and I’m so glad I found HabitKit! I love to see all the different colors, layouts are visually appealing to me. I don’t enjoy seeing symbols, I prefer colors and this app has options to see a longer period of time. I use it daily and loving it since✨"
app_store,com.roehl.habitkit,Habit Tracker - HabitKit,5,2026-03-07,"Update. ""It would be great to have a feature that allows adding notes to completed habits. For example, when I mark my 'Gym' habit as done on Tuesday, I'd like to be able to add a note specifying exactly which exercises or workouts I performed that day’’"
app_store,com.roehl.habitkit,Habit Tracker - HabitKit,5,2025-11-08,add friend share. please make it visible to friends so we can check if that friend(s) did that task
app_store,com.roehl.habitkit,Habit Tracker - HabitKit,5,2025-08-19,Details writing. İt is very nice to be if comments can be write ı hope you will update comment blank to habit tracker
app_store,com.roehl.habitkit,Habit Tracker - HabitKit,1,2025-06-10,Cant use widgets without subscription. Cant use widgets without subscription
app_store,com.roehl.habitkit,Habit Tracker - HabitKit,5,2025-06-10,The Best. I have contacted the created. He is just great
app_store,com.roehl.habitkit,Habit Tracker - HabitKit,5,2025-04-22,"Aradığım uygulama kesinlikle bu!. Bu uygulamayı, uzun arayışlar sonucu keşfettim ve anında Pro sürümünü etkinleştirdim. Alışkanlıklarınızı takip etmek ve başarılı sonuçlar elde ederek devamlılığınızı görüntüleyebilmek adına çok etkili ve verimli bir uygulama 👏 Üstelik Türkçe dil seçeneği de mevcut. Uygulama geliştiricisi ise şahane bir insan 😊 Kendisini çok takdir ediyorum 🏅 Bu uygulama ileride çok daha harika olacak…😉 Aradığım uygulama kesinlikle bu!"
app_store,com.roehl.habitkit,Habit Tracker - HabitKit,5,2025-04-04,"Best Habbit App in town🤩. Honestly the best app for a daily progress checklist♥️ As a UX designer & a checklist addict, I want to say good job! Great UI and cute icons as well🥰 
Updated Note: I wish we can write a motivational quote on top so we can read that occasionally"
app_store,com.roehl.habitkit,Habit Tracker - HabitKit,1,2025-02-11,"only 4 habits. if you want 5th habit or widgets, the app wants your monthly subscription."
app_store,com.roehl.habitkit,Habit Tracker - HabitKit,5,2024-12-21,"It changed my life. Thank you, Sebastian <3"
app_store,com.roehl.habitkit,Habit Tracker - HabitKit,5,2024-06-30,Awesome!. Very well thought out application. Perfect for keeping track of your work and keeping you motivated.
app_store,com.roehl.habitkit,Habit Tracker - HabitKit,5,2024-05-26,"WIDGET. Can you enable big widget to allow the button action of checking the habit. Also can you allow emojis on habit icon.

Pls 🙏🏻"
app_store,com.roehl.habitkit,Habit Tracker - HabitKit,5,2024-04-04,"thanks for the app. everything looks very nice. all i need is a profile that we can log in to ensure data synchronization between devices. just bought a monthly subscription. if you make this development, i can sub annually or in full :)"
app_store,com.roehl.habitkit,Habit Tracker - HabitKit,5,2023-07-12,"The best one for habits. I’ve tried a lot of different apps for habit maintenance, and this one is The One for me. I love elegance and beauty of the design and idea. And it works really cool for me! Thanks 💜"
app_store,com.roehl.habitkit,Habit Tracker - HabitKit,5,2023-02-17,Nice and motivating!. 🎉
app_store,com.roehl.habitkit,Habit Tracker - HabitKit,5,2023-01-22,"Just what I needed!. Minimal, clean, and beautiful design with great functionality and features. I wanted a habit tracker that didn’t take me a lot of effort to understand and get started with and HabitKit was exactly what I needed!"
app_store,com.roehl.habitkit,Habit Tracker - HabitKit,5,2023-01-07,Great product to build habits. This app provides great design and user experience for the people who want to follow their habits!
app_store,com.leomehlig.today,Structured - Günlük Planlayıcı,5,2026-09-27,Harika bir uygulama. Merhaba uygulama çok güzel fakat ücretten dolayı tam sürüm kullanamadım yorumlardada yazmışlar yardımcı oluyormuşsunuz şansımı denemek istiyorum yardımcı olursanız sevinirim
app_store,com.leomehlig.today,Structured - Günlük Planlayıcı,3,2026-09-25,Need improvement. Before sleeping why would I like to eat sth ?
app_store,com.leomehlig.today,Structured - Günlük Planlayıcı,5,2026-09-23,Very easy. Easy and very useful Application.Thank you for that.I really like it so much 🙌
app_store,com.leomehlig.today,Structured - Günlük Planlayıcı,5,2026-09-22,Mükemmel. Bayıldımmmmmm
app_store,com.leomehlig.today,Structured - Günlük Planlayıcı,3,2026-09-22,"Uygulama güzel ama…. Bir kaç gündür gerçekten severek kullanıyorum ama sürekli sürekli uygulamadan atmaya başladı. Bu durum oldukça can sıkıcı çünkü hem paralı versiyonunu kullanıyorum hem de birden fazla cihazda kullanıyorum ve hepsinde aynı sorunuyorum yaşıyorum. Örneğin telefondaki attığı zaman tabletime geçeyim diyorum, maalesef aynı sorun orda da devam etmekte. Eğer yakın zamanda bir güncelleme almazsa app aboneliği iptal edip silmek zorunda kalacağım. Acil çözüm bulmalarını rica ediyorum."
app_store,com.leomehlig.today,Structured - Günlük Planlayıcı,5,2026-09-20,best. pls add calendar widget like standard iPhone app
app_store,com.leomehlig.today,Structured - Günlük Planlayıcı,5,2026-09-09,Baya iyi. İnanılmaz güzel bir uygulama daha yeni başlamamama rağmen çok hoşuma gitti öneririm
app_store,com.leomehlig.today,Structured - Günlük Planlayıcı,5,2026-08-31,Uygulama. Güzel
app_store,com.leomehlig.today,Structured - Günlük Planlayıcı,3,2026-08-28,Anlamadım. Çok karışık ve anlaşılmıyor her yerde bir şey var yani çok karışık
app_store,com.leomehlig.today,Structured - Günlük Planlayıcı,5,2026-08-12,Incredible app!. I love this app so much!! as a recent graduate on gap year I really needed a structure in my life and honestly having timely tasks every day eliminated all my frustration! Danke Leo!!!
app_store,com.leomehlig.today,Structured - Günlük Planlayıcı,5,2026-08-09,"Add the search function. Great app, I've been using it for a while, but I have a suggestion. Please add a ""search"" feature for all tasks and to-dos for all days. Sometimes you want to remember a date and only know approximate words. Thanks."
app_store,com.leomehlig.today,Structured - Günlük Planlayıcı,5,2026-08-05,Çok güzel. Çok güzel bir uygulama çok nazik
app_store,com.leomehlig.today,Structured - Günlük Planlayıcı,4,2026-07-19,Mükemmel. İhtiyacı olanlara sunduğu 1 yıllık ücretsiz erişim çok iyi düşünülmüş. Ama en azından öğrencilere belgeyle kanıtladıkları takdirde sınırsız LifeTime paketini verseniz daha iyi olur. Çünkü gençlik hayatı sadece 1 yıl değil.
app_store,com.leomehlig.today,Structured - Günlük Planlayıcı,4,2026-07-16,Please Fix Colour Palette Issues. If you can fix those especially on Apple Watch it is definitely 5 stars for me. Issue is that theme and border colours do not match if you turn it blue.
app_store,com.leomehlig.today,Structured - Günlük Planlayıcı,5,2026-06-30,5 YILDIR KULLANIYORUM. Uzun yıllardır ücretsiz sürümünü kullanıyorum. Aslında ücretsiz sürümü bile oldukça iyi. 5 senedir çizgilerini hiç bozmadılar  ve parası olmayan başka insanlara yardımcı oluyorlar. Yorumumu görür müsünüz bilmiyorum ama destek amaçlı üyelik aldım ve Türkiye de ki arkadaşlarıma öneriyorum. Mükemmel bir uygulama kusursuz verim odaklı..
app_store,com.leomehlig.today,Structured - Günlük Planlayıcı,5,2026-06-28,"Great app. Simple and efficient, ıf your life pattern is unscheduled, this app is great to plan your life. 
I have a one question.
I want to count my regular pattern like how often I do or how much time I spend to this activity, is there any summary section of events?"
app_store,com.leomehlig.today,Structured - Günlük Planlayıcı,4,2026-06-13,Yorumum. Güzel uygulama tam istediğim gibi
app_store,com.leomehlig.today,Structured - Günlük Planlayıcı,5,2026-06-05,students helper. they provide free pro features for students nice app
app_store,com.leomehlig.today,Structured - Günlük Planlayıcı,5,2026-06-03,Güzel ama benlik değil. Tasarımı kullanımı çok hoş fakat benim gibi gün planlama yerine geleneksel yapılacaklar listesi oluşturan biri için hâlâ TickTick daha iyi.
app_store,com.leomehlig.today,Structured - Günlük Planlayıcı,5,2026-05-26,Mükkkk. Abi çok iyi hemen indir
app_store,com.leomehlig.today,Structured - Günlük Planlayıcı,5,2026-05-26,Güzel bir uygulama. Tavsiye ediyorum kesinlikle
app_store,com.leomehlig.today,Structured - Günlük Planlayıcı,5,2026-05-19,Cok hos bir uygulama. Parasiz versiyonu biraz kisitli ama guzel umarim bir gun premium alabilirim
app_store,com.leomehlig.today,Structured - Günlük Planlayıcı,5,2026-05-06,Faydalı. Çok uygulama araştırdım ama gerçekten hem öğrencilere sundukları destekler olsun hem de uygulamanın kendisi olsun herkes için en kullanışlı ve faydalı deneyimi sunuyor.
app_store,com.leomehlig.today,Structured - Günlük Planlayıcı,5,2026-05-03,Benita x. I sub it is very good like I was like wow I have never seen this good 🎀🎀🎀🎀🎀
app_store,com.leomehlig.today,Structured - Günlük Planlayıcı,1,2026-04-12,Senkronize problemi. Apple telefon ve tablet aynı hesap ile giriş yapmama rağmen senkronize olmuyor. Bu hali ile çöp.
app_store,com.leomehlig.today,Structured - Günlük Planlayıcı,4,2026-03-31,Review. Good apps with good color scheme and help to organized your schedule
app_store,com.leomehlig.today,Structured - Günlük Planlayıcı,5,2026-03-29,Çok güzel. çok güzel bir uygulama öğrenci olarak çok işime yarıyor kesinlikle öneririm🙏☺️
app_store,com.leomehlig.today,Structured - Günlük Planlayıcı,5,2026-03-17,"Planlama için mükemmel. Günlük veya haftalık programlamalarımı bu uygulamadan yapıyorum bütün cihazlarımda eşlenik olması, kullanımının kolay ve göze hitap eden hoş bir tasarımda olması bu uygulamayı benim için diğerlerinden yukarıda tutan şey oluyor. Üstelik öğrenciler için uygulama abonelik burs seçenekleri var oldukça iyi niyetli ve anlayışlı bir ekip kullanmaya devam edeceğim."
app_store,com.leomehlig.today,Structured - Günlük Planlayıcı,5,2026-03-07,Efsane. Böyle değerli bir uygulama yapıldığı için teşekkür ederim . Çok faydalı
app_store,com.leomehlig.today,Structured - Günlük Planlayıcı,5,2026-02-28,"Tavsiye. Uygulama gerçekten çok kullanışlı ve işe yarar, sadece uyarı oluştururken görev başlamadan önce uyarı oluşturulabiliyor veya görev bittiğine dair haber veren uyarı oluşturulabiliyor ancak görev bitiminden önce haber veren uyarı ekleyebilmek güzel olurdu"
app_store,com.leomehlig.today,Structured - Günlük Planlayıcı,5,2026-02-27,Çok ama çok güzel ama …... Çok güzel bir uygulama ama her günü aynı şekilde tekrarlatma keşke ücretsiz olsa yararlıya basın herkes görsün 🩵💙
app_store,com.leomehlig.today,Structured - Günlük Planlayıcı,4,2026-02-22,Bir yıllık olması saçma bir kez versem süresiz kullansam daha iyi olurdu ı. Günümü çok kolay bir şekilde planlayabiliyorum çok verimli bir uygulama ama bir yıllık ücret vermem sürekli hoş değil keşke süresiz olsa
app_store,com.leomehlig.today,Structured - Günlük Planlayıcı,5,2026-02-06,<3. It would be great if we could choose end the day of the event.
app_store,com.leomehlig.today,Structured - Günlük Planlayıcı,5,2026-02-06,COK GUZEL. Daha yeni indirdim ama cok begendim istedigim gibi plan yapabiliyorum ve estetik duruyo gercekten cok guzel yararlı diyin ve karar veremiyosanız kesinlikle indirin!!!
app_store,com.leomehlig.today,Structured - Günlük Planlayıcı,5,2026-01-17,Bir şey sorcam. Maili nasıl atacağımı söyleyebilir misiniz ben 10. Sınıf bir öğrenciyim nasıl atacağımı bilmiyorum
app_store,com.leomehlig.today,Structured - Günlük Planlayıcı,5,2026-01-08,Mükemmel. Çokçok çok iyi beğendim
app_store,com.leomehlig.today,Structured - Günlük Planlayıcı,5,2025-12-30,Harika bi uygulama. Bütün planlarımı yapabılıyorım uygulama sahibi harika birisi gerçekten çok teşekkürler satın alıma zorlama yok üstüne hediye etti
app_store,com.leomehlig.today,Structured - Günlük Planlayıcı,5,2025-12-29,So kind app. I have requested a redeem code and they helped me about this and so fast!! I love this app and will use it always. And also sub on instagram❤️Thank you sir.
app_store,com.leomehlig.today,Structured - Günlük Planlayıcı,5,2025-12-27,"Ideal for planners. I have been using this app for two years now, with yearly subscription. It helped me build a morning routine with “recurring tasks” and I was able to improve my productivity with “subtasks”. Also the app has a beautiful interface. As a Master’s student, I am grateful for all your work. Best regards from Türkiye !"
app_store,com.leomehlig.today,Structured - Günlük Planlayıcı,5,2025-12-26,I loved Structure. Everything is awesome I can easily visualize my day plans on the app.
app_store,com.leomehlig.today,Structured - Günlük Planlayıcı,5,2025-12-25,"perfect app. When you mention that you can't afford the pro version, they contact you shortly. Excellent support and an excellent app."
app_store,com.leomehlig.today,Structured - Günlük Planlayıcı,5,2025-12-21,Mükemmel. Çok güzel bir uygulama her şeyi planlayabilirsiniz.
app_store,com.leomehlig.today,Structured - Günlük Planlayıcı,5,2025-12-21,"I love it!. This app fulfils my requirements for a planning app. I love how it is easy to use. If I don’t use this app, that day goes by a bit unorganised so does my mind! Even enough with the free version."
app_store,com.leomehlig.today,Structured - Günlük Planlayıcı,5,2025-12-07,Structured. Çok güzel
app_store,com.leomehlig.today,Structured - Günlük Planlayıcı,5,2025-11-02,GÜZEL BİR UYGULAMA. Çok güzel bir uygulama. Her daim yanımda tutuyorum.
app_store,com.leomehlig.today,Structured - Günlük Planlayıcı,3,2025-11-01,Alt görevler cihazlar arası senkronize olmuyor. Alt görevler cihazlar arası senkronize olmuyor. Tablette gördüğümü telefonda görmüyorum. Anımsatıcı ve takvim senkronizasyonuna da yansımıyor alt görevler…
app_store,com.leomehlig.today,Structured - Günlük Planlayıcı,5,2025-10-31,"Amazing. It’s very simple and easy to use, while also being very helpful and effective"
app_store,com.leomehlig.today,Structured - Günlük Planlayıcı,4,2025-10-29,Çok iyi. Uygulama çok başarılı diğer uyggulamalar para istiyor sadece ajanda ve planlayıcı görseli biraz fazlaolsadah iyi olurduu
app_store,com.leomehlig.today,Structured - Günlük Planlayıcı,5,2025-10-27,Kesin yükleyin. Bu uygulama gerçekten müthiş gerçek anlamda mükemmel resmen en iyi günlük planlayıcı yarışması olsa 1. Olur demek istiyorum kesinlikle her telefon veya tablette olması gerekiyor
app_store,com.leomehlig.today,Structured - Günlük Planlayıcı,5,2025-10-22,Mukemmel. Kullandigim en iyi planlama uygulamasi. Gerek arayuzu gerek kullanim rahatligi olsun her anlamda cok guzel. Bence parasina degen bir uygulama. Durumu olmayanlar icin de burs veriyorlar. Gercekten cok guzel.
app_store,com.leomehlig.today,Structured - Günlük Planlayıcı,5,2025-10-20,Yorumum. okadar güzelki hemen yap
app_store,com.leomehlig.today,Structured - Günlük Planlayıcı,5,2025-10-10,"Now I can’t do without it. I used many different todo apps including Reminders, Tasks, Todoist and finally Things. None was as effective, beautiful and addictive to use as Structured. Well done people. Keep up the great work. The yearly subscription is totally worth it. 👍"
app_store,com.leomehlig.today,Structured - Günlük Planlayıcı,5,2025-10-08,Uygulama güzel. Arayüzü basit ve kullanışlı içerik sahibi hakkında yapılan yorumlar da çok iyi beğendim
app_store,com.leomehlig.today,Structured - Günlük Planlayıcı,5,2025-10-08,💕💕💕. İletişim kurdum çok nazik insanlar direkt olarak dönüş aldım ücretsiz olsun ya da olmasın her şey için teşekkür ederim uygulama zaten mükemmel tam istediğim gibi
app_store,com.leomehlig.today,Structured - Günlük Planlayıcı,5,2025-10-06,"Nice nice nice. Kendi alanında en kullanışlı uygulamalardan biri olduğunu rahatlıkla söyleyebilirim (bence en iyisi!). Gerçekten tam bir öğrenci dostu. Fiyatları zaten oldukça makul olmasına rağmen, burs seçeneğinin sunulması harika bir düşünce. Geliştiricilere emekleri için içtenlikle teşekkür ederim."
app_store,com.leomehlig.today,Structured - Günlük Planlayıcı,5,2025-09-25,Harika. Çok başarılı
app_store,com.leomehlig.today,Structured - Günlük Planlayıcı,1,2025-09-24,"ужасное обновление приложения. было самое лучшее приложение, после обновление которое произошло неделю назад - ужасно неудобно теперь стало, можете убрать это отвратительное обновление? 
нельзя нормально подзадачи посмотреть, все какое-то непонятное и вообще не такое как было. ужасно. было же такое хорошее приложение, ну зачем это было делать?"
app_store,com.leomehlig.today,Structured - Günlük Planlayıcı,5,2025-09-20,Widget + Pro versiyon. Eski widget arka planı daha iyidi. eskiden tam siyahtı yazılar hoş gözüküyordu şimdi ise gri tonlarında eskisini özledim. bir de Mail attım bekliyorum umarım pro versiyonunu hediye ederler
app_store,com.leomehlig.today,Structured - Günlük Planlayıcı,5,2025-09-17,Beğendim. Birçok uygulama denedim ama en iyisi bu. Harika uygulama teşekkürler.
app_store,com.leomehlig.today,Structured - Günlük Planlayıcı,5,2025-09-09,İlgi. Structured ekibi kadar ilgili bir ekip görmedim hemen geri dönüş sağlıyorlar herhangi bir problemde. Uygulama ise hem sade hem çok kullanışlı
app_store,com.leomehlig.today,Structured - Günlük Planlayıcı,5,2025-09-07,Harika. Çok basit ve kullanışı kolay.
app_store,com.leomehlig.today,Structured - Günlük Planlayıcı,5,2025-09-01,Güzel bir uygulama. Bende ders çalışma programımı hazırlamak için uygulamayı kullanıyorum aynı zaman haftalık günlük programlar yapıyorum ama pro olmadığı için her günün programını tek tek yazmak zorunda kalıyorum ve kendi imkanlarımlada üyeliği alamıyorum maalesef bende mail yolladım umarım banada geri dönüş sağlarlar en azından bu yıl için ihtiyacım var
app_store,com.leomehlig.today,Structured - Günlük Planlayıcı,5,2025-08-29,Kaliteli Hizmet. Kendilerine mail attıktan sonra Pro versiyonu 1 yıl ücretsiz olarak sundular. Başarılı bir uygulama ve nazik bir davranış. 5/5
app_store,com.leomehlig.today,Structured - Günlük Planlayıcı,5,2025-08-20,"Benim fikrimce. Her şeyi ile mükemmel.ücretsiz olmadı da çok güzel,aynı uygulamanın 1 üst leveli de vardı ama denemek için bunu kullanmaya başladım ve işimi mükemmel birşekilde görüyor,hayatınızı düzene sokmak için gerekli.tevsiye ederi(şiddetle)"
app_store,com.leomehlig.today,Structured - Günlük Planlayıcı,5,2025-08-09,"It is a team with a vision and an application that is open to development, but it has shortcomings. 1- The Chrome extension must come urgently 
2 - Pomodoro counter needs to arrive 
3- The interface needs to be simpler"
app_store,com.leomehlig.today,Structured - Günlük Planlayıcı,5,2025-08-08,"Plan yapmak için harika. Bir ajanda almak yerine kesinlikle bu uygulamayı kullanmanızı tavsiye ederim, MÜ KEM MEL. Her şeyi çok kolay planlamak için istediğim tarihlere girebiliyorum hatta istersem yapay zeka destekli bir uygulama olduğu için yapay zekaya ne istediğimi söylüyorum ve o planlıyor. Bir rehber öğretmen olarak planlamalarımı yapmak konusunda bana çok destek olacak kesinlikle tavsiye ediyorum çok düzenli ve sade bir uygulama kullanımıda oldukça basit."
app_store,com.leomehlig.today,Structured - Günlük Planlayıcı,5,2025-07-20,begendım. çok güzel ders programım için kullanıyorum
app_store,com.leomehlig.today,Structured - Günlük Planlayıcı,5,2025-07-13,Gerçekten çok güzel. Geçmiştede ne yaptığımızı görebiliyoruz
app_store,com.leomehlig.today,Structured - Günlük Planlayıcı,4,2025-07-09,The messages. I can’t open the messages for the application plsss helpp mee for openning it✨💗
app_store,com.leomehlig.today,Structured - Günlük Planlayıcı,5,2025-07-07,Planlayıcı. Tam aradığım Uygulama dikkat dağınıklığım var bana iyi geliyor.
app_store,com.leomehlig.today,Structured - Günlük Planlayıcı,4,2025-07-07,It actually works. These reminders helps me to get done what I need to do.
app_store,com.leomehlig.today,Structured - Günlük Planlayıcı,5,2025-07-04,Uygulama hakkındaki yorumum. Uygulama gerçekten harika öğrenciler için çok uygun planlayıcı ve pratik kullanımı Kolay güzel bir uygulama
app_store,com.leomehlig.today,Structured - Günlük Planlayıcı,4,2025-06-27,🎀. Ben sadece planlamayı yapamadım e posta yüzünden ordan bir puan kırdım
app_store,com.leomehlig.today,Structured - Günlük Planlayıcı,5,2025-06-24,Hepsi bir arada. Kesinlikle dost canlısı bir uygulama geliştirici ekibe sahip uygulama da her şeyiyle beklentiyi karşılıyor keşke çok daha önceden haberim olsaydı bu uygulamadan. Geliştirici ekibe sonsuz teşekkürler
app_store,com.leomehlig.today,Structured - Günlük Planlayıcı,5,2025-06-03,"DEHB’li Kişiler için Harika. DEHB’in etkilerinden biri olarak zaman körlüğü, hangi eylemin ne kadar zaman aldığını bilememe ve gün planlamada zorlanma gibi olumsuzlukları çözmeme yardımcı oluyor. Kesinlikle öneririm. Premium’a da değer.
Yeni eklenen yapay zeka özelliği de muhteşem.
 - 
Also many thanks for the 1 year premium. I have ADHD and it is so hard to live and function with it. I was about to give up but I started to use Structured and now I feel I can do many things. I’ll definitely buy premium when I can :)
Edit: Now I’m able to pay for the premium, thank you for your generosity!"
app_store,com.leomehlig.today,Structured - Günlük Planlayıcı,5,2025-05-18,"hayatimda gordugumun en iyisi. bence en iyi planlama uygulaması bu reklam yok hemen dakika başı pro istemiyor zamana duyarlı bildirim atıyor—ki ben yaklaşık ablamın düğününden beri (6/09/24) free planda kullanıyorum o günü planlamak için yüklemiştim ve bir daha da bırakamadım. Şu mail ile ücretsiz pro alma olayını henüz denemedim ama işe yarıyordur çünkü uygulamayı yapan kimse çok iyi biri yani bir planlama uygulamasının free hali bu kadar iyi olamaz, prosunu düşünemiyorum ellerinden öperim yapımcı abi ablalarım 🤍"
app_store,com.leomehlig.today,Structured - Günlük Planlayıcı,5,2025-05-07,"Possible bug. Cant delete a preexisting task (wake up @ 12.00), tried deleting the app, dldnt work. Possible bug, please help."
app_store,com.leomehlig.today,Structured - Günlük Planlayıcı,3,2025-05-07,"Structured. Her şeyi çok güzel. Fiyatı da uygun. Sadece bazen donuyor, programlar üst üste biniyor veya silmek istediklerim silinmiyor. Geliştirilse mükemmel."
app_store,com.leomehlig.today,Structured - Günlük Planlayıcı,5,2025-05-03,Kullanıcı dostu. I Have an ADHD And this app helped me a lot to organize my time…
app_store,com.leomehlig.today,Structured - Günlük Planlayıcı,5,2025-04-28,Mükemmel. Mükemmel
app_store,com.leomehlig.today,Structured - Günlük Planlayıcı,5,2025-04-24,Türkçe dil desteği güçlendirilmeli. Uygulama güzel
app_store,com.leomehlig.today,Structured - Günlük Planlayıcı,5,2025-04-16,Harika!. Uzun zamandır kullanıyorum ödediğim parayı sonuna kadar hakediyor. P.s. hayır fake yorum değil. İndirdim denedim ve çok memnun kaldım
app_store,com.leomehlig.today,Structured - Günlük Planlayıcı,5,2025-04-08,mükemmel. paramın olmamasini aldiris etmeden bana destekçi sağlayan dedtek ekibine teşekkür ederim çok iyi bir uygulama
app_store,com.leomehlig.today,Structured - Günlük Planlayıcı,5,2025-04-06,Cokkk güzellll. Harika bi uygulama
app_store,com.leomehlig.today,Structured - Günlük Planlayıcı,5,2025-04-05,Mükemmel. En iyi planlama uygulamadı
app_store,com.leomehlig.today,Structured - Günlük Planlayıcı,5,2025-03-31,Aranan uygulama. Tam olarak aradığım özelliklere sahip bir uygulama
app_store,com.leomehlig.today,Structured - Günlük Planlayıcı,5,2025-03-23,"Fast Response, They Care. They value their customers. 
The app gives everything you need from a planner."
app_store,com.leomehlig.today,Structured - Günlük Planlayıcı,5,2025-03-13,"Probably the best. I have tested all, this one is probably the best app in it’s category."
app_store,com.leomehlig.today,Structured - Günlük Planlayıcı,3,2025-03-09,"Nice App to Plan Your Day. Structured is a nice app to plan your day, but some things should be better. 

1. If you don’t want your users to get lost in 3-dotted ‘More’ menus, adjusting time of events should be more intuitive and easier. 

2. The calendar of Structured needs more features like weekly and monthly views and/or on-calendar editing etc. to copy or edit tasks easily. I can only copy-paste the tasks from one day to another at the moment. However, copying tasks from one week or month to another or editing the tasks is an ideal experience. 

3. Deleting tasks can be made easier like dragging and dropping them to a trash can or something. 

4. Some menu items and their shortcuts like Undo and thus Redo don’t seem to work properly on macOS version. For example, if you clear a day, but change your mind later, good luck with that. There is no undo for that. Actually, all together the menu may need a fix.

5. More icons and style functionality can make it look better. 

6. Synchronization with other popular to-do lists like Things, etc. for Pro users can make Structured more flexible and usable with them. 

Even before these, I like the app and recommend it to others."
app_store,com.leomehlig.today,Structured - Günlük Planlayıcı,5,2025-03-08,Awesome. Please add task automaticly add to calendar option
app_store,com.leomehlig.today,Structured - Günlük Planlayıcı,5,2025-03-08,Loved. I love this app thanks
app_store,com.leomehlig.today,Structured - Günlük Planlayıcı,4,2025-03-02,ücretli olması kötü. paralı çoğu şey
app_store,com.leomehlig.today,Structured - Günlük Planlayıcı,5,2025-02-21,Kaliteli. Uygulama çok kullanışlı ve basit
app_store,com.leomehlig.today,Structured - Günlük Planlayıcı,5,2025-02-17,Planlama. Muhteşem bir uygulama
app_store,com.leomehlig.today,Structured - Günlük Planlayıcı,4,2025-02-17,"begendim ama eksik. hello, your app is very nice but it would be wayyy better for me/us if you added something like copy week/day 
for example: i planned reading book at thursday at 8 pm, i could click one button and i can apply that to other thursdays too. like that we would have a planned month and it wouldnt take too much time for all weeks."
app_store,com.leomehlig.today,Structured - Günlük Planlayıcı,3,2025-02-13,"Basit ve Kullanışlı. Eğer günlük yaşamınızda normal ve basit işleriniz varsa kesinlikle aradığınız uygulama olabilir fakat
kompleks bir sisteme ihtiyaç duyuyorsanız veya görevleriniz çok fazla parçalanmaya ihtiyaç duyuyorsa yani büyük hedef takipleri için veya proje yönetimi için bu uygulamaya sizin için işlevsiz olabilir."
app_store,com.leomehlig.today,Structured - Günlük Planlayıcı,5,2025-02-10,PERFECT. best for organizing life and focusing
app_store,com.leomehlig.today,Structured - Günlük Planlayıcı,5,2025-02-09,Perfect. It is an excellent application. I can manage my tasks and use it as a calendar. The producers are excellent people. I am grateful.
app_store,com.leomehlig.today,Structured - Günlük Planlayıcı,5,2025-02-09,Very Good. They are so good and very understanding if you cant able to afford the pro they are giving you scholarship.
app_store,com.leomehlig.today,Structured - Günlük Planlayıcı,5,2025-01-23,Structured. Bence harika bir uygulama bu uygulamayı indirdikten sonra herşeyim çok düzeldi 👍
