uygulama,tarih,yildiz,yorum,begeni
com.androidrocker.audiocutter,2026-09-19,1,"This app was good at one time, now it's ruined!!! You can no longer type in a song to find!! I don't know what you people did to it, but it's now 100% GARBAGE!!!",0
com.androidrocker.audiocutter,2026-09-13,5,"I cannot use search bar, why",0
com.androidrocker.audiocutter,2026-08-16,5,very helpful,0
com.androidrocker.audiocutter,2026-08-16,5,without hesitation the best❤️❤️ thank you for making this app 🙏,0
com.androidrocker.audiocutter,2026-07-26,5,Nice to assign,0
com.androidrocker.audiocutter,2026-07-25,5,5 years to be continued this aap,0
com.androidrocker.audiocutter,2026-07-24,5,"It's a simple, easy recorder/editor.",0
com.androidrocker.audiocutter,2026-07-18,5,nice app,0
com.androidrocker.audiocutter,2026-07-14,5,It's easy to manage have to hit record switch over to music app then switch back over to stop it recording then you're able to cut the track,0
com.androidrocker.audiocutter,2026-06-13,5,love you,0
com.androidrocker.audiocutter,2026-06-08,5,"i dont no how many years using when i need loved music cuting, underrated app, free and smal add only love it🌹🥰🥰❤️",0
com.androidrocker.audiocutter,2026-05-29,5,Good,0
com.androidrocker.audiocutter,2026-05-02,2,The volume adjustment to increase or decrease does not work while editing even the edited file is saved. Please fix the bug ASAP! It would be better if an editing feature was added to speed up or slow down the sound without changing the intonation.,2
com.androidrocker.audiocutter,2026-04-20,5,best,0
com.androidrocker.audiocutter,2026-04-07,4,super,0
com.androidrocker.audiocutter,2026-04-06,1,distorts mp3 so the ringtone sounds like trash,0
com.androidrocker.audiocutter,2026-03-31,5,very good app,0
com.androidrocker.audiocutter,2026-03-21,5,best app,0
com.androidrocker.audiocutter,2026-03-20,5,"Easy to use ringtone maker, been using for 3 years! Take any supported sound bytes and make them into distinctive rings for your phone. Simple, instructions are pretty clear. Normally ads are unobtrusive, but sometimes sound can interfere with concentration. Your mileage may vary. Good product. Thank you, developers! 😇",35
com.androidrocker.audiocutter,2026-03-14,5,Nice,0
com.androidrocker.audiocutter,2026-03-01,5,good...,0
com.androidrocker.audiocutter,2026-02-17,5,using easy to be make ringtone,0
com.androidrocker.audiocutter,2026-02-11,5,easy to use,0
com.androidrocker.audiocutter,2026-02-09,5,"Lovely, Very nice app والله جميل جداً",0
com.androidrocker.audiocutter,2026-02-05,5,wonderful app,0
com.androidrocker.audiocutter,2026-02-05,5,best,0
com.androidrocker.audiocutter,2026-01-06,5,I love it,0
com.androidrocker.audiocutter,2026-01-05,5,the nice one app,0
com.androidrocker.audiocutter,2025-12-29,1,"All I wanted was a simple ringtone maker, but this one fails because it won't allow me to search through my music.",0
com.androidrocker.audiocutter,2025-12-29,5,yes,0
com.androidrocker.audiocutter,2025-12-11,5,works properly,0
com.androidrocker.audiocutter,2025-12-11,5,i love this apo,0
com.androidrocker.audiocutter,2025-12-06,5,very good app Kisi bhi app mein Sare gane Nahin Aate Hain lekin ismein sare song Chahte Hain I am sorry song Ko Hum edit bhi kar sakte hain so good app,0
com.androidrocker.audiocutter,2025-11-18,5,best,0
com.androidrocker.audiocutter,2025-11-05,5,so far so good . I leave you know more later.,0
com.androidrocker.audiocutter,2025-10-16,5,good app,0
com.androidrocker.audiocutter,2025-10-10,5,"This app made set a custom ringtone on my old Android phone which doesn't not have custom ringtone option this the best ringtone maker app it works with also other apps like telegram , WhatsApp and Truecaller support and reconge this custom ringtone and there were no ads",5
com.androidrocker.audiocutter,2025-10-07,5,wonderful app to use,0
com.androidrocker.audiocutter,2025-09-30,5,"Perfect, the app is useful; no comments!",0
com.androidrocker.audiocutter,2025-09-28,1,fake app. doesn't support flac and alac,1
com.androidrocker.audiocutter,2025-08-30,5,very simple for lazy person like me,0
com.androidrocker.audiocutter,2025-08-26,1,not available not good app,0
com.androidrocker.audiocutter,2025-08-25,5,this is everything I need,0
com.androidrocker.audiocutter,2025-08-20,5,always Fine,0
com.androidrocker.audiocutter,2025-08-12,5,i love this app ❤️❤️❤️ very good app,0
com.androidrocker.audiocutter,2025-07-30,5,good 👍🏻,0
com.androidrocker.audiocutter,2025-07-24,1,can not given the song selection option,0
com.androidrocker.audiocutter,2025-07-22,5,easy to use,0
com.androidrocker.audiocutter,2025-07-11,5,fine.good,0
com.androidrocker.audiocutter,2025-06-29,5,💯,0
com.androidrocker.audiocutter,2025-06-25,5,super super,0
com.androidrocker.audiocutter,2025-06-23,5,superb usable 👌👌,0
com.androidrocker.audiocutter,2025-06-23,5,super app,0
com.androidrocker.audiocutter,2025-06-14,5,really easy to use,0
com.androidrocker.audiocutter,2025-04-26,5,nice and easy to cut,0
com.androidrocker.audiocutter,2025-04-20,5,This app has been quite nice for making ringtones! Been a user for years. Thank you! Edit: Just refreshing my review. Still works perfectly! 🎵,2
com.androidrocker.audiocutter,2025-04-19,5,"The best of best of Audio cutter to make Ringtone. You can rely. This is the current issue, Keyboard is not poping up so unable to search audio file",1
com.androidrocker.audiocutter,2025-04-02,5,great app with clear output and user friendly.,0
com.androidrocker.audiocutter,2025-03-30,5,Nice touch.,0
com.androidrocker.audiocutter,2025-03-27,5,Great!,0
com.androidrocker.audiocutter,2025-03-18,5,I love this app alot❤️❤️,0
com.androidrocker.audiocutter,2025-03-12,5,Good,0
com.androidrocker.audiocutter,2025-03-11,4,I love this app. Just that the advert,0
com.androidrocker.audiocutter,2025-03-10,5,Good,0
com.androidrocker.audiocutter,2025-02-24,5,"nice, useful and free 👍",0
com.androidrocker.audiocutter,2025-02-24,5,Good,0
com.androidrocker.audiocutter,2025-02-21,5,Good.,0
com.androidrocker.audiocutter,2025-02-19,5,Good 👍,0
com.androidrocker.audiocutter,2025-02-13,4,Very nice 👌,0
com.androidrocker.audiocutter,2025-01-28,5,"It's a nice app, I love it so much. It's very easy and understanding.",0
com.androidrocker.audiocutter,2025-01-27,5,Best app i love it,0
com.androidrocker.audiocutter,2025-01-17,5,Super,0
com.androidrocker.audiocutter,2024-12-24,5,Nothing but good experiences so far,0
com.androidrocker.audiocutter,2024-12-15,5,Exceptional,0
com.androidrocker.audiocutter,2024-12-11,5,Good,0
com.androidrocker.audiocutter,2024-11-27,5,well,0
com.androidrocker.audiocutter,2024-11-23,5,Nice,0
com.androidrocker.audiocutter,2024-11-18,5,Kannada,0
com.androidrocker.audiocutter,2024-11-13,5,"Wow, nice aap.",0
com.androidrocker.audiocutter,2024-11-06,5,Really easy to. Use,0
com.androidrocker.audiocutter,2024-10-22,5,It's a amazing really amazing app,0
com.androidrocker.audiocutter,2024-10-05,5,Very useful,0
com.androidrocker.audiocutter,2024-09-03,5,Excellent,0
com.androidrocker.audiocutter,2024-08-15,5,"5 time, 5 time, 5 time, 5 time, 5 time wcw champion!!! .... and 5 stars for this app!",0
com.androidrocker.audiocutter,2024-08-11,5,"Easy to use, go to ringtone maker",0
com.androidrocker.audiocutter,2024-08-04,5,Super,0
com.androidrocker.audiocutter,2024-07-29,5,Good to see the bug is fixed.... only problem is lots of ad is coming regularly,0
com.androidrocker.audiocutter,2024-07-18,5,KYa cheez hai yar,0
com.androidrocker.audiocutter,2024-07-10,5,Really good and I am happy in this app,0
com.androidrocker.audiocutter,2024-07-03,5,"Good App, does the work!❤️ Love it.",0
com.androidrocker.audiocutter,2024-06-27,5,Good app,0
com.androidrocker.audiocutter,2024-06-27,5,very Good,0
com.androidrocker.audiocutter,2024-06-05,5,👌,0
com.androidrocker.audiocutter,2024-06-04,5,Love it,0
com.androidrocker.audiocutter,2024-05-20,5,Simply the Best,0
com.androidrocker.audiocutter,2024-05-18,5,Very handy app,0
com.androidrocker.audiocutter,2024-05-15,5,Pls app install,0
com.androidrocker.audiocutter,2024-05-12,5,"So far, I have had a really good experience with 'Ringtone Maker'. It does everything that I need it for..... mainly for recording parts of my favourite songs to make general ringtones, contact specific ringtones and alarm sounds. Thankyou to whoever developed this app 😸",5
com.androidrocker.audiocutter,2024-05-09,5,Good 🤗,0
com.androidrocker.audiocutter,2024-05-07,5,Great ringtone maker.,0
com.androidrocker.audiocutter,2024-05-03,4,It's a great app and easy to use,0
com.androidrocker.audiocutter,2024-05-02,5,"best one so far, using this app since 3 years now still good ❤️",0
com.androidrocker.audiocutter,2024-04-24,5,Use full app,0
com.androidrocker.audiocutter,2024-04-05,5,V. Good,0
com.androidrocker.audiocutter,2024-03-28,5,Super,0
com.androidrocker.audiocutter,2024-03-23,5,Love it,0
com.androidrocker.audiocutter,2024-03-11,5,Good,0
com.androidrocker.audiocutter,2024-02-24,5,Beautiful,0
com.androidrocker.audiocutter,2024-02-24,5,OKE,0
com.androidrocker.audiocutter,2024-02-22,5,App seach bar no work,0
com.androidrocker.audiocutter,2024-02-14,5,Can we have paid version of this app ?,0
com.androidrocker.audiocutter,2024-02-14,5,❤️❤️❤️❤️,0
com.androidrocker.audiocutter,2024-02-09,4,Good app,0
com.androidrocker.audiocutter,2024-01-31,5,It's wonderful,0
com.androidrocker.audiocutter,2024-01-23,4,Experience great until the search went out can't get it to pull the keyboard up if anyone knows how . . . Let me know please,0
com.androidrocker.audiocutter,2024-01-20,5,Exlent,0
com.androidrocker.audiocutter,2024-01-19,5,Super to use the app,0
com.androidrocker.audiocutter,2024-01-15,5,Awesome app easy to use and fun to mess with.,0
com.androidrocker.audiocutter,2024-01-14,5,Very good aap,0
com.androidrocker.audiocutter,2024-01-04,5,A very good app,0
