paket,ad,puan,indirme,fiyat,gelistirici
com.herman.ringtone,Ringtone Maker:create ringtone,4.696816,"100,000,000+",0,Big Bang Inc.
ringtone.maker.mp3.cutter.audio,MP3 Cutter and Ringtone Maker,4.668759,"50,000,000+",0,InShot Inc.
ringtonemaker.musiccutter.customringtones.freeringtonemaker,Ringtone Maker: Music Cutter,4.6207547,"10,000,000+",0,Dairy App & Notes & Audio Editor & Voice Recorder
net.zedge.android,Zedge™ Wallpapers & Ringtones,4.6652303,"500,000,000+",0,Zedge
com.herman.ringpod,MP3 Cutter and Ringtone Maker,4.672414,"1,000,000+",0,Big Bang Inc.
com.echoailab.videotomp3.converter,Ringtone Maker For Android,4.611111,"50,000+",0,Midas Studio App
garage.ringtone.maker.audio.mp3.converter.pro,Garage Ringtones Pro,4.264151,"100,000+",2.49,Appflow Software
com.herman.ringtone.paid,Ringtone Maker Pro,4.4,"50,000+",1.99,Dongfu He
com.androidrocker.audiocutter,Ringtone Maker-Audio Cutter,4.536913,"10,000,000+",0,AndroidRock
tool.music.ringtonemaker,Ringtone Maker & MP3 Cutter,4.39834,"10,000,000+",0,Mobile_V5
ringtonesforandroidphonefree.ringtones.ringtonessongs.ringtonesapp,Ringtones for Android Phone,4.807371,"10,000,000+",0,QR Code Scanner.
com.bestringtonesapps.freeringtonesforandroid,Ringtones for Android™,4.1882353,"100,000,000+",0,Ringtones and Wallpapers Apps by Trela
best.create.ringtone.maker.audio.mp3.converter.garage,Any Ringtones,3.9,"500,000+",0,Ai Apps SRL
morroccandevelopers.videomeseringtonebanaye,Video To MP3 Ringtone Maker,4.5074625,"100,000+",0,GeniusTools Labs
com.google.android.apps.youtube.music,YouTube Music,4.465304,"5,000,000,000+",0,Google LLC
com.ghauribros.NotaRingtones,Nota Ringtones Pro,,"100,000+",0,"Ghauri Bros, Inc."
com.video.tomp3,Video to MP3 & Ringtone Maker,4.6039605,"1,000,000+",0,TarrySoft
com.ghauribros.MelodyRingtones,Melody Ringtones Pro,,"10,000+",0,"Ghauri Bros, Inc."
com.taymay.ringtone,"Ringtone Maker, MP3 Cutter",3.6206896,"500,000+",0,Hihoay.io
