score,date,text
2,2022-08-04 07:34:10,Listeyi oluştjruyorum çıkınca veya ana ekrana geri gidince liste siliniýor çok saçma watch4 classic
2,2021-07-12 05:23:26,Kaudetmedigimiz gıda ürünleri bir bakmışım listede var.Eşimden sen mi yazdın teyidi almadan alışverişe başlayamıyorum.Bu yüzden Bring'in esprisi azalıyor
2,2021-02-27 19:28:52,"Lebaleb beş yıldız doldurmuşsunuz. Yedekleme sistemi dahi olmayan bir uygulamaya, neye istinaden beş yıldız veriyorsunuz anlamadım."
2,2020-04-22 18:00:31,"SAÇMA SAPAN ,ARAYÜZÜ BERBAT BIR UYGULAMA!"
2,2019-04-10 04:15:44,ürünlerin isimleri türkçe olsa daha iyi olur çünkü ingilizce bilmeyen insanlar zorluk çekebilir.
3,2025-10-09 17:29:49,widget olsa tadından yenmez o kadar güzel ve lazım bir program yapmışsınız fakat widget yok :(
3,2025-01-12 09:53:17,Ürün seçtikten sonra adet yada kg miktarı girme otomatik gelse daha güzel olur.
3,2021-11-14 14:30:07,Kullanışlı ama kendisini gelistirmeli
3,2020-08-16 15:30:40,Fena değil ama daha iyileri var.
3,2020-08-07 05:42:43,Simge boyutları cok buyuk gercek bir liste eklemiş olmak tam bir dert
3,2020-04-19 19:27:28,"İşleri kolaylaştırmaya faydalı,kullanımı basit güzel bir uygulama yapanların eline emeğine sağlık 👍👍👍"
3,2020-03-21 06:39:58,Değişen bir şey yok. Açılmıyor. Halbuki çok güzel bir program idi. Çok memnundum. 😞
3,2019-11-23 01:05:45,"İkon yerine kendi seçtiğim fotoyu kullanmak istiyorum, maalesef mümkün değil....... I want to use personalized photos instead of icons, but it's not possible."
3,2017-10-04 18:57:33,Türkçe dil desteği olmaması kötü. Yoksa uygulama harika.
3,2015-04-07 09:35:00,"Benim alışveriş sistemime uygun değil. Satın almayacağım birsürü ürün listelenmiş; satın alacaklarım yok. Üstelik birçok yorumda gördüğümüz gibi, Türkçe dil desteği yok."
