1	سُورَةُ ٱلْفَاتِحَةِ	Fâtiha	Elham,Fatiha	Al-Faatiha	7	M	1
2	سُورَةُ البَقَرَةِ	Bakara		Al-Baqara	286	D	2
3	سُورَةُ آلِ عِمۡرَانَ	Âl-i İmrân	Ali Imran,Al-i Imran	Aal-i-Imraan	200	D	50
4	سُورَةُ النِّسَاءِ	Nisâ		An-Nisaa	176	D	77
5	سُورَةُ المَائِدَةِ	Mâide		Al-Maaida	120	D	106
6	سُورَةُ الأَنۡعَامِ	En'âm	Enam	Al-An'aam	165	M	128
7	سُورَةُ الأَعۡرَافِ	A'râf	Araf	Al-A'raaf	206	M	151
8	سُورَةُ الأَنفَالِ	Enfâl		Al-Anfaal	75	D	177
9	سُورَةُ التَّوۡبَةِ	Tevbe	Berâe	At-Tawba	129	D	187
10	سُورَةُ يُونُسَ	Yûnus		Yunus	109	M	208
11	سُورَةُ هُودٍ	Hûd		Hud	123	M	221
12	سُورَةُ يُوسُفَ	Yûsuf		Yusuf	111	M	235
13	سُورَةُ الرَّعۡدِ	Ra'd	Rad	Ar-Ra'd	43	D	249
14	سُورَةُ إِبۡرَاهِيمَ	İbrâhîm		Ibrahim	52	M	255
15	سُورَةُ الحِجۡرِ	Hicr		Al-Hijr	99	M	262
16	سُورَةُ النَّحۡلِ	Nahl		An-Nahl	128	M	267
17	سُورَةُ الإِسۡرَاءِ	İsrâ	Benî İsrâil	Al-Israa	111	M	282
18	سُورَةُ الكَهۡفِ	Kehf		Al-Kahf	110	M	293
19	سُورَةُ مَرۡيَمَ	Meryem		Maryam	98	M	305
20	سُورَةُ طه	Tâhâ	Taha	Taa-Haa	135	M	312
21	سُورَةُ الأَنبِيَاءِ	Enbiyâ		Al-Anbiyaa	112	M	322
22	سُورَةُ الحَجِّ	Hac	Hacc	Al-Hajj	78	D	332
23	سُورَةُ المُؤۡمِنُونَ	Mü'minûn	Muminun	Al-Muminoon	118	M	342
24	سُورَةُ النُّورِ	Nûr		An-Noor	64	D	350
25	سُورَةُ الفُرۡقَانِ	Furkân		Al-Furqaan	77	M	359
26	سُورَةُ الشُّعَرَاءِ	Şuarâ		Ash-Shu'araa	227	M	367
27	سُورَةُ النَّمۡلِ	Neml		An-Naml	93	M	377
28	سُورَةُ القَصَصِ	Kasas		Al-Qasas	88	M	385
29	سُورَةُ العَنكَبُوتِ	Ankebût		Al-Ankaboot	69	M	396
30	سُورَةُ الرُّومِ	Rûm		Ar-Room	60	M	404
31	سُورَةُ لُقۡمَانَ	Lokmân		Luqman	34	M	411
32	سُورَةُ السَّجۡدَةِ	Secde		As-Sajda	30	M	415
33	سُورَةُ الأَحۡزَابِ	Ahzâb		Al-Ahzaab	73	D	418
34	سُورَةُ سَبَإٍ	Sebe'	Sebe	Saba	54	M	428
35	سُورَةُ فَاطِرٍ	Fâtır		Faatir	45	M	434
36	سُورَةُ يسٓ	Yâsîn	Yasin,Yasin-i Şerif	Yaseen	83	M	440
37	سُورَةُ الصَّافَّاتِ	Sâffât		As-Saaffaat	182	M	446
38	سُورَةُ صٓ	Sâd		Saad	88	M	453
39	سُورَةُ الزُّمَرِ	Zümer		Az-Zumar	75	M	458
40	سُورَةُ غَافِرٍ	Mü'min	Gâfir,Mumin	Ghafir	85	M	467
41	سُورَةُ فُصِّلَتۡ	Fussilet	Hâ-Mîm Secde	Fussilat	54	M	477
42	سُورَةُ الشُّورَىٰ	Şûrâ		Ash-Shura	53	M	483
43	سُورَةُ الزُّخۡرُفِ	Zuhruf		Az-Zukhruf	89	M	489
44	سُورَةُ الدُّخَانِ	Duhân		Ad-Dukhaan	59	M	496
45	سُورَةُ الجَاثِيَةِ	Câsiye		Al-Jaathiya	37	M	499
46	سُورَةُ الأَحۡقَافِ	Ahkâf		Al-Ahqaf	35	M	502
47	سُورَةُ مُحَمَّدٍ	Muhammed	Kıtâl	Muhammad	38	D	507
48	سُورَةُ الفَتۡحِ	Fetih	Feth	Al-Fath	29	D	511
49	سُورَةُ الحُجُرَاتِ	Hucurât		Al-Hujuraat	18	D	515
50	سُورَةُ قٓ	Kâf		Qaaf	45	M	518
51	سُورَةُ الذَّارِيَاتِ	Zâriyât		Adh-Dhaariyat	60	M	520
52	سُورَةُ الطُّورِ	Tûr		At-Tur	49	M	523
53	سُورَةُ النَّجۡمِ	Necm		An-Najm	62	M	526
54	سُورَةُ القَمَرِ	Kamer		Al-Qamar	55	M	528
55	سُورَةُ الرَّحۡمَٰن	Rahmân		Ar-Rahmaan	78	D	531
56	سُورَةُ الوَاقِعَةِ	Vâkıa	Vakia	Al-Waaqia	96	M	534
57	سُورَةُ الحَدِيدِ	Hadîd		Al-Hadid	29	D	537
58	سُورَةُ المُجَادلَةِ	Mücâdele		Al-Mujaadila	22	D	542
59	سُورَةُ الحَشۡرِ	Haşr		Al-Hashr	24	D	545
60	سُورَةُ المُمۡتَحنَةِ	Mümtehine		Al-Mumtahana	13	D	549
61	سُورَةُ الصَّفِّ	Saf		As-Saff	14	D	551
62	سُورَةُ الجُمُعَةِ	Cuma	Cum'a	Al-Jumu'a	11	D	553
63	سُورَةُ المُنَافِقُونَ	Münâfikûn		Al-Munaafiqoon	11	D	554
64	سُورَةُ التَّغَابُنِ	Teğâbün		At-Taghaabun	18	D	556
65	سُورَةُ الطَّلَاقِ	Talâk		At-Talaaq	12	D	558
66	سُورَةُ التَّحۡرِيمِ	Tahrîm		At-Tahrim	12	D	560
67	سُورَةُ المُلۡكِ	Mülk	Tebâreke	Al-Mulk	30	M	562
68	سُورَةُ القَلَمِ	Kalem		Al-Qalam	52	M	564
69	سُورَةُ الحَاقَّةِ	Hâkka		Al-Haaqqa	52	M	566
70	سُورَةُ المَعَارِجِ	Meâric		Al-Ma'aarij	44	M	568
71	سُورَةُ نُوحٍ	Nûh		Nooh	28	M	570
72	سُورَةُ الجِنِّ	Cin		Al-Jinn	28	M	572
73	سُورَةُ المُزَّمِّلِ	Müzzemmil		Al-Muzzammil	20	M	574
74	سُورَةُ المُدَّثِّرِ	Müddessir		Al-Muddaththir	56	M	575
75	سُورَةُ القِيَامَةِ	Kıyâme		Al-Qiyaama	40	M	577
76	سُورَةُ الإِنسَانِ	İnsân	Dehr	Al-Insaan	31	D	578
77	سُورَةُ المُرۡسَلَاتِ	Mürselât		Al-Mursalaat	50	M	580
78	سُورَةُ النَّبَإِ	Nebe'	Amme,Nebe	An-Naba	40	M	582
79	سُورَةُ النَّازِعَاتِ	Nâziât		An-Naazi'aat	46	M	583
80	سُورَةُ عَبَسَ	Abese		Abasa	42	M	585
81	سُورَةُ التَّكۡوِيرِ	Tekvîr		At-Takwir	29	M	586
82	سُورَةُ الانفِطَارِ	İnfitâr		Al-Infitaar	19	M	587
83	سُورَةُ المُطَفِّفِينَ	Mutaffifîn		Al-Mutaffifin	36	M	587
84	سُورَةُ الانشِقَاقِ	İnşikâk		Al-Inshiqaaq	25	M	589
85	سُورَةُ البُرُوجِ	Bürûc		Al-Burooj	22	M	590
86	سُورَةُ الطَّارِقِ	Târık		At-Taariq	17	M	591
87	سُورَةُ الأَعۡلَىٰ	A'lâ	Ala	Al-A'laa	19	M	591
88	سُورَةُ الغَاشِيَةِ	Gâşiye		Al-Ghaashiya	26	M	592
89	سُورَةُ الفَجۡرِ	Fecr		Al-Fajr	30	M	593
90	سُورَةُ البَلَدِ	Beled		Al-Balad	20	M	594
91	سُورَةُ الشَّمۡسِ	Şems		Ash-Shams	15	M	595
92	سُورَةُ اللَّيۡلِ	Leyl		Al-Lail	21	M	595
93	سُورَةُ الضُّحَىٰ	Duhâ		Ad-Dhuhaa	11	M	596
94	سُورَةُ الشَّرۡحِ	İnşirâh	Şerh,Elem Neşrah	Ash-Sharh	8	M	596
95	سُورَةُ التِّينِ	Tîn		At-Tin	8	M	597
96	سُورَةُ العَلَقِ	Alak	İkra	Al-Alaq	19	M	597
97	سُورَةُ القَدۡرِ	Kadr		Al-Qadr	5	M	598
98	سُورَةُ البَيِّنَةِ	Beyyine		Al-Bayyina	8	D	598
99	سُورَةُ الزَّلۡزَلَةِ	Zilzâl	Zelzele	Az-Zalzala	8	D	599
100	سُورَةُ العَادِيَاتِ	Âdiyât		Al-Aadiyaat	11	M	599
101	سُورَةُ القَارِعَةِ	Kâria		Al-Qaari'a	11	M	600
102	سُورَةُ التَّكَاثُرِ	Tekâsür		At-Takaathur	8	M	600
103	سُورَةُ العَصۡرِ	Asr		Al-Asr	3	M	601
104	سُورَةُ الهُمَزَةِ	Hümeze		Al-Humaza	9	M	601
105	سُورَةُ الفِيلِ	Fîl		Al-Fil	5	M	601
106	سُورَةُ قُرَيۡشٍ	Kureyş		Quraish	4	M	602
107	سُورَةُ المَاعُونِ	Mâûn		Al-Maa'un	7	M	602
108	سُورَةُ الكَوۡثَرِ	Kevser		Al-Kawthar	3	M	602
109	سُورَةُ الكَافِرُونَ	Kâfirûn		Al-Kaafiroon	6	M	603
110	سُورَةُ النَّصۡرِ	Nasr		An-Nasr	3	D	603
111	سُورَةُ المَسَدِ	Tebbet	Mesed,Leheb	Al-Masad	5	M	603
112	سُورَةُ الإِخۡلَاصِ	İhlâs		Al-Ikhlaas	4	M	604
113	سُورَةُ الفَلَقِ	Felak		Al-Falaq	5	M	604
114	سُورَةُ النَّاسِ	Nâs		An-Naas	6	M	604
